{'13069': '0', '13070': '613', '13071': '1171', '13072': '226', '13073': '1098', '13074': '523', '13075': '2642', '13076': '2501', '13077': '1383', '13078': '0', '13079': '2634', '13080': '1650', '13081': '2407', '13082': '0', '13086': '2811', '13345': '1255', '13346': '1086', '13347': '1177', '13348': '1679', '13350': '1', '13434': '1506', '13435': '1272', '13436': '1478', '13437': '1620', '13438': '560', '13444': '476', '13446': '914', '13454': '0', '13455': '0', '13456': '0', '13457': '0', '13458': '0', '13459': '0', '13460': '0', '13461': '1', '13462': '1', '13463': '0', '13464': '0', '13465': '0', '13466': '0', '13467': '0', '13470': '0', '13471': '0', '13472': '0', '13473': '0', '13478': '0'}
{'13069': '20190101', '13070': '20190101', '13071': '20190101', '13072': '20190101', '13073': '20190101', '13074': '20190101', '13075': '20190101', '13076': '20190101', '13077': '20190101', '13078': '20190101', '13079': '20190101', '13080': '20190101', '13081': '20190101', '13082': '20190101', '13086': '20190101', '13345': '20190101', '13346': '20190101', '13347': '20190101', '13348': '20190101', '13350': '20190101', '13434': '20190101', '13435': '20190101', '13436': '20190101', '13437': '20190101', '13438': '20190101', '13444': '20190101', '13446': '20190101', '13454': '20190101', '13455': '20190101', '13456': '20190101', '13457': '20190101', '13458': '20190101', '13459': '20190101', '13460': '20190101', '13461': '20190101', '13462': '20190101', '13463': '20190101', '13464': '20190101', '13465': '20190101', '13466': '20190101', '13467': '20190101', '13470': '20190101', '13471': '20190101', '13472': '20190101', '13473': '20190101', '13478': '20190101'}
,13069,13070,13071,13072,13073,13074,13075,13076,13077,13078,13079,13080,13081,13082,13086,13345,13346,13347,13348,13350,13434,13435,13436,13437,13438,13444,13446,13454,13455,13456,13457,13458,13459,13460,13461,13462,13463,13464,13465,13466,13467,13470,13471,13472,13473,13478
20190101,0,0,0,0,0,0,0,0,0,0,0,0,0,0,0,0,0,0,0,0,0,0,0,0,0,0,0,0,0,0,0,0,0,0,0,0,0,0,0,0,0,0,0,0,0,0
20190102,0,0,0,0,0,0,0,0,0,0,0,0,0,0,0,0,0,0,0,0,0,0,0,0,0,0,0,0,0,0,0,0,0,0,0,0,0,0,0,0,0,0,0,0,0,0
20190103,0,0,0,0,0,0,0,0,0,0,0,0,0,0,0,0,0,0,0,0,0,0,0,0,0,0,0,0,0,0,0,0,0,0,0,0,0,0,0,0,0,0,0,0,0,0
20190104,0,0,0,0,0,0,0,0,0,0,0,0,0,0,0,0,0,0,0,0,0,0,0,0,0,0,0,0,0,0,0,0,0,0,0,0,0,0,0,0,0,0,0,0,0,0
20190105,0,0,0,0,0,0,0,0,0,0,0,0,0,0,0,0,0,0,0,0,0,0,0,0,0,0,0,0,0,0,0,0,0,0,0,0,0,0,0,0,0,0,0,0,0,0
20190106,0,0,0,0,0,0,0,0,0,0,0,0,0,0,0,0,0,0,0,0,0,0,0,0,0,0,0,0,0,0,0,0,0,0,0,0,0,0,0,0,0,0,0,0,0,0
20190107,0,0,0,0,0,0,0,0,0,0,0,0,0,0,0,0,0,0,0,0,0,0,0,0,0,0,0,0,0,0,0,0,0,0,0,0,0,0,0,0,0,0,0,0,0,0
20190108,0,0,0,0,0,0,0,0,0,0,0,0,0,0,0,0,0,0,0,0,0,0,0,0,0,0,0,0,0,0,0,0,0,0,0,0,0,0,0,0,0,0,0,0,0,0
20190109,0,0,0,0,0,0,0,0,0,0,0,0,0,0,0,0,0,0,0,0,0,0,0,0,0,0,0,0,0,0,0,0,0,0,0,0,0,0,0,0,0,0,0,0,0,0
20190110,0,0,0,0,0,0,0,0,0,0,0,0,0,0,0,0,0,0,0,0,0,0,0,0,0,0,0,0,0,0,0,0,0,0,0,0,0,0,0,0,0,0,0,0,0,0
20190111,0,0,0,0,0,0,0,0,0,0,0,0,0,0,0,0,0,0,0,0,0,0,0,0,0,0,0,0,0,0,0,0,0,0,0,0,0,0,0,0,0,0,0,0,0,0
20190112,0,0,0,0,0,0,0,0,0,0,0,0,0,0,0,0,0,0,0,0,0,0,0,0,0,0,0,0,0,0,0,0,0,0,0,0,0,0,0,0,0,0,0,0,0,0
20190113,0,0,0,0,0,0,0,0,0,0,0,0,0,0,0,0,0,0,0,0,0,0,0,0,0,0,0,0,0,0,0,0,0,0,0,0,0,0,0,0,0,0,0,0,0,0
20190114,0,0,0,0,0,0,0,0,0,0,0,0,0,0,0,0,0,0,0,0,0,0,0,0,0,0,0,0,0,0,0,0,0,0,0,0,0,0,0,0,0,0,0,0,0,0
20190115,0,0,0,0,0,0,0,0,0,0,0,0,0,0,0,0,0,0,0,0,0,0,0,0,0,0,0,0,0,0,0,0,0,0,0,0,0,0,0,0,0,0,0,0,0,0
20190116,0,0,0,0,0,0,0,0,0,0,0,0,0,0,0,0,0,0,0,0,0,0,0,0,0,0,0,0,0,0,0,0,0,0,0,0,0,0,0,0,0,0,0,0,0,0
20190117,0,0,0,0,0,0,0,0,0,0,0,0,0,0,0,0,0,0,0,0,0,0,0,0,0,0,0,0,0,0,0,0,0,0,0,0,0,0,0,0,0,0,0,0,0,0
20190118,0,0,0,0,0,0,0,0,0,0,0,0,0,0,0,0,0,0,0,0,0,0,0,0,0,0,0,0,0,0,0,0,0,0,0,0,0,0,0,0,0,0,0,0,0,0
20190119,0,0,0,0,0,0,0,0,0,0,0,0,0,0,0,0,0,0,0,0,0,0,0,0,0,0,0,0,0,0,0,0,0,0,0,0,0,0,0,0,0,0,0,0,0,0
20190120,0,0,0,0,0,0,0,0,0,0,0,0,0,0,0,0,0,0,0,0,0,0,0,0,0,0,0,0,0,0,0,0,0,0,0,0,0,0,0,0,0,0,0,0,0,0
20190121,0,0,0,0,0,0,0,0,0,0,0,0,0,0,0,0,0,0,0,0,0,0,0,0,0,0,0,0,0,0,0,0,0,0,0,0,0,0,0,0,0,0,0,0,0,0
20190122,0,0,0,0,0,0,0,0,0,0,0,0,0,0,0,0,0,0,0,0,0,0,0,0,0,0,0,0,0,0,0,0,0,0,0,0,0,0,0,0,0,0,0,0,0,0
20190123,0,0,0,0,0,0,0,0,0,0,0,0,0,0,0,0,0,0,0,0,0,0,0,0,0,0,0,0,0,0,0,0,0,0,0,0,0,0,0,0,0,0,0,0,0,0
20190124,0,0,0,0,0,0,0,0,0,0,0,0,0,0,0,0,0,0,0,0,0,0,0,0,0,0,0,0,0,0,0,0,0,0,0,0,0,0,0,0,0,0,0,0,0,0
20190125,0,0,0,0,0,0,0,0,0,0,0,0,0,0,0,0,0,0,0,0,0,0,0,0,0,0,0,0,0,0,0,0,0,0,0,0,0,0,0,0,0,0,0,0,0,0
20190126,0,0,0,0,0,0,0,0,0,0,0,0,0,0,0,0,0,0,0,0,0,0,0,0,0,0,0,0,0,0,0,0,0,0,0,0,0,0,0,0,0,0,0,0,0,0
20190127,0,0,0,0,0,0,0,0,0,0,0,0,0,0,0,0,0,0,0,0,0,0,0,0,0,0,0,0,0,0,0,0,0,0,0,0,0,0,0,0,0,0,0,0,0,0
20190128,0,0,0,0,0,0,0,0,0,0,0,0,0,0,0,0,0,0,0,0,0,0,0,0,0,0,0,0,0,0,0,0,0,0,0,0,0,0,0,0,0,0,0,0,0,0
20190129,0,0,0,0,0,0,0,0,0,0,0,0,0,0,0,0,0,0,0,0,0,0,0,0,0,0,0,0,0,0,0,0,0,0,0,0,0,0,0,0,0,0,0,0,0,0
20190130,0,0,0,0,0,0,0,0,0,0,0,0,0,0,0,0,0,0,0,0,0,0,0,0,0,0,0,0,0,0,0,0,0,0,0,0,0,0,0,0,0,0,0,0,0,0
20190131,0,0,0,0,0,0,0,0,0,0,0,0,0,0,0,0,0,0,0,0,0,0,0,0,0,0,0,0,0,0,0,0,0,0,0,0,0,0,0,0,0,0,0,0,0,0
20190201,0,0,0,0,0,0,0,0,0,0,0,0,0,0,0,0,0,0,0,0,0,0,0,0,0,0,0,0,0,0,0,0,0,0,0,0,0,0,0,0,0,0,0,0,0,0
20190202,0,0,0,0,0,0,0,0,0,0,0,0,0,0,0,0,0,0,0,0,0,0,0,0,0,0,0,0,0,0,0,0,0,0,0,0,0,0,0,0,0,0,0,0,0,0
20190203,0,0,0,0,0,0,0,0,0,0,0,0,0,0,0,0,0,0,0,0,0,0,0,0,0,0,0,0,0,0,0,0,0,0,0,0,0,0,0,0,0,0,0,0,0,0
20190204,0,0,0,0,0,0,0,0,0,0,0,0,0,0,0,0,0,0,0,0,0,0,0,0,0,0,0,0,0,0,0,0,0,0,0,0,0,0,0,0,0,0,0,0,0,0
20190205,0,0,0,0,0,0,0,0,0,0,0,0,0,0,0,0,0,0,0,0,0,0,0,0,0,0,0,0,0,0,0,0,0,0,0,0,0,0,0,0,0,0,0,0,0,0
20190206,0,0,0,0,0,0,0,0,0,0,0,0,0,0,0,0,0,0,0,0,0,0,0,0,0,0,0,0,0,0,0,0,0,0,0,0,0,0,0,0,0,0,0,0,0,0
20190207,0,0,0,0,0,0,0,0,0,0,0,0,0,0,0,0,0,0,0,0,0,0,0,0,0,0,0,0,0,0,0,0,0,0,0,0,0,0,0,0,0,0,0,0,0,0
20190208,0,0,0,0,0,0,0,0,0,0,0,0,0,0,0,0,0,0,0,0,0,0,0,0,0,0,0,0,0,0,0,0,0,0,0,0,0,0,0,0,0,0,0,0,0,0
20190209,0,0,0,0,0,0,0,0,0,0,0,0,0,0,0,0,0,0,0,0,0,0,0,0,0,0,0,0,0,0,0,0,0,0,0,0,0,0,0,0,0,0,0,0,0,0
20190210,0,0,0,0,0,0,0,0,0,0,0,0,0,0,0,0,0,0,0,0,0,0,0,0,0,0,0,0,0,0,0,0,0,0,0,0,0,0,0,0,0,0,0,0,0,0
20190211,0,0,0,0,0,0,0,0,0,0,0,0,0,0,0,0,0,0,0,0,0,0,0,0,0,0,0,0,0,0,0,0,0,0,0,0,0,0,0,0,0,0,0,0,0,0
20190212,0,0,0,0,0,0,0,0,0,0,0,0,0,0,0,0,0,0,0,0,0,0,0,0,0,0,0,0,0,0,0,0,0,0,0,0,0,0,0,0,0,0,0,0,0,0
20190213,0,0,0,0,0,0,0,0,0,0,0,0,0,0,0,0,0,0,0,0,0,0,0,0,0,0,0,0,0,0,0,0,0,0,0,0,0,0,0,0,0,0,0,0,0,0
20190214,0,0,0,0,0,0,0,0,0,0,0,0,0,0,0,0,0,0,0,0,0,0,0,0,0,0,0,0,0,0,0,0,0,0,0,0,0,0,0,0,0,0,0,0,0,0
20190215,0,0,0,0,0,0,0,0,0,0,0,0,0,0,0,0,0,0,0,0,0,0,0,0,0,0,0,0,0,0,0,0,0,0,0,0,0,0,0,0,0,0,0,0,0,0
20190216,0,0,0,0,0,0,0,0,0,0,0,0,0,0,0,0,0,0,0,0,0,0,0,0,0,0,0,0,0,0,0,0,0,0,0,0,0,0,0,0,0,0,0,0,0,0
20190217,0,0,0,0,0,0,0,0,0,0,0,0,0,0,0,0,0,0,0,0,0,0,0,0,0,0,0,0,0,0,0,0,0,0,0,0,0,0,0,0,0,0,0,0,0,0
20190218,0,0,0,0,0,0,0,0,0,0,0,0,0,0,0,0,0,0,0,0,0,0,0,0,0,0,0,0,0,0,0,0,0,0,0,0,0,0,0,0,0,0,0,0,0,0
20190219,0,0,0,0,0,0,0,0,0,0,0,0,0,0,0,0,0,0,0,0,0,0,0,0,0,0,0,0,0,0,0,0,0,0,0,0,0,0,0,0,0,0,0,0,0,0
20190220,0,0,0,0,0,0,0,0,0,0,0,0,0,0,0,0,0,0,0,0,0,0,0,0,0,0,0,0,0,0,0,0,0,0,0,0,0,0,0,0,0,0,0,0,0,0
20190221,0,0,0,0,0,0,0,0,0,0,0,0,0,0,0,0,0,0,0,0,0,0,0,0,0,0,0,0,0,0,0,0,0,0,0,0,0,0,0,0,0,0,0,0,0,0
20190222,0,0,0,0,0,0,0,0,0,0,0,0,0,0,0,0,0,0,0,0,0,0,0,0,0,0,0,0,0,0,0,0,0,0,0,0,0,0,0,0,0,0,0,0,0,0
20190223,0,0,0,0,0,0,0,0,0,0,0,0,0,0,0,0,0,0,0,0,0,0,0,0,0,0,0,0,0,0,0,0,0,0,0,0,0,0,0,0,0,0,0,0,0,0
20190224,0,0,0,0,0,0,0,0,0,0,0,0,0,0,0,0,0,0,0,0,0,0,0,0,0,0,0,0,0,0,0,0,0,0,0,0,0,0,0,0,0,0,0,0,0,0
20190225,0,0,0,0,0,0,0,0,0,0,0,0,0,0,0,0,0,0,0,0,0,0,0,0,0,0,0,0,0,0,0,0,0,0,0,0,0,0,0,0,0,0,0,0,0,0
20190226,0,0,0,0,0,0,0,0,0,0,0,0,0,0,0,0,0,0,0,0,0,0,0,0,0,0,0,0,0,0,0,0,0,0,0,0,0,0,0,0,0,0,0,0,0,0
20190227,0,0,0,0,0,0,0,0,0,0,0,0,0,0,0,0,0,0,0,0,0,0,0,0,0,0,0,0,0,0,0,0,0,0,0,0,0,0,0,0,0,0,0,0,0,0
20190228,0,0,0,0,0,0,0,0,0,0,0,0,0,0,0,0,0,0,0,0,0,0,0,0,0,0,0,0,0,0,0,0,0,0,0,0,0,0,0,0,0,0,0,0,0,0
20190301,0,0,0,0,0,0,0,0,0,0,0,0,0,0,0,0,0,0,0,0,0,0,0,0,0,0,0,0,0,0,0,0,0,0,0,0,0,0,0,0,0,0,0,0,0,0
20190302,0,0,0,0,0,0,0,0,0,0,0,0,0,0,0,0,0,0,0,0,0,0,0,0,0,0,0,0,0,0,0,0,0,0,0,0,0,0,0,0,0,0,0,0,0,0
20190303,0,0,0,0,0,0,0,0,0,0,0,0,0,0,0,0,0,0,0,0,0,0,0,0,0,0,0,0,0,0,0,0,0,0,0,0,0,0,0,0,0,0,0,0,0,0
20190304,0,0,0,0,0,0,0,0,0,0,0,0,0,0,0,0,0,0,0,0,0,0,0,0,0,0,0,0,0,0,0,0,0,0,0,0,0,0,0,0,0,0,0,0,0,0
20190305,0,0,0,0,0,0,0,0,0,0,0,0,0,0,0,0,0,0,0,0,0,0,0,0,0,0,0,0,0,0,0,0,0,0,0,0,0,0,0,0,0,0,0,0,0,0
20190306,0,0,0,0,0,0,0,0,0,0,0,0,0,0,0,0,0,0,0,0,0,0,0,0,0,0,0,0,0,0,0,0,0,0,0,0,0,0,0,0,0,0,0,0,0,0
20190307,0,0,0,0,0,0,0,0,0,0,0,0,0,0,0,0,0,0,0,0,0,0,0,0,0,0,0,0,0,0,0,0,0,0,0,0,0,0,0,0,0,0,0,0,0,0
20190308,0,0,0,0,0,0,0,0,0,0,0,0,0,0,0,0,0,0,0,0,0,0,0,0,0,0,0,0,0,0,0,0,0,0,0,0,0,0,0,0,0,0,0,0,0,0
20190309,0,0,0,0,0,0,0,0,0,0,0,0,0,0,0,0,0,0,0,0,0,0,0,0,0,0,0,0,0,0,0,0,0,0,0,0,0,0,0,0,0,0,0,0,0,0
20190310,0,0,0,0,0,0,0,0,0,0,0,0,0,0,0,0,0,0,0,0,0,0,0,0,0,0,0,0,0,0,0,0,0,0,0,0,0,0,0,0,0,0,0,0,0,0
20190311,0,0,0,0,0,0,0,0,0,0,0,0,0,0,0,0,0,0,0,0,0,0,0,0,0,0,0,0,0,0,0,0,0,0,0,0,0,0,0,0,0,0,0,0,0,0
20190312,0,0,0,0,0,0,0,0,0,0,0,0,0,0,0,0,0,0,0,0,0,0,0,0,0,0,0,0,0,0,0,0,0,0,0,0,0,0,0,0,0,0,0,0,0,0
20190313,0,0,0,0,0,0,0,0,0,0,0,0,0,0,0,0,0,0,0,0,0,0,0,0,0,0,0,0,0,0,0,0,0,0,0,0,0,0,0,0,0,0,0,0,0,0
20190314,0,0,0,0,0,0,0,0,0,0,0,0,0,0,0,0,0,0,0,0,0,0,0,0,0,0,0,0,0,0,0,0,0,0,0,0,0,0,0,0,0,0,0,0,0,0
20190315,0,0,0,0,0,0,0,0,0,0,0,0,0,0,0,0,0,0,0,0,0,0,0,0,0,0,0,0,0,0,0,0,0,0,0,0,0,0,0,0,0,0,0,0,0,0
20190316,0,0,0,0,0,0,0,0,0,0,0,0,0,0,0,0,0,0,0,0,0,0,0,0,0,0,0,0,0,0,0,0,0,0,0,0,0,0,0,0,0,0,0,0,0,0
20190317,0,0,0,0,0,0,0,0,0,0,0,0,0,0,0,0,0,0,0,0,0,0,0,0,0,0,0,0,0,0,0,0,0,0,0,0,0,0,0,0,0,0,0,0,0,0
20190318,0,0,0,0,0,0,0,0,0,0,0,0,0,0,0,0,0,0,0,0,0,0,0,0,0,0,0,0,0,0,0,0,0,0,0,0,0,0,0,0,0,0,0,0,0,0
20190319,0,0,0,0,0,0,0,0,0,0,0,0,0,0,0,0,0,0,0,0,0,0,0,0,0,0,0,0,0,0,0,0,0,0,0,0,0,0,0,0,0,0,0,0,0,0
20190320,0,0,0,0,0,0,0,0,0,0,0,0,0,0,0,0,0,0,0,0,0,0,0,0,0,0,0,0,0,0,0,0,0,0,0,0,0,0,0,0,0,0,0,0,0,0
20190321,0,0,0,0,0,0,0,0,0,0,0,0,0,0,0,0,0,0,0,0,0,0,0,0,0,0,0,0,0,0,0,0,0,0,0,0,0,0,0,0,0,0,0,0,0,0
20190322,0,0,0,0,0,0,0,0,0,0,0,0,0,0,0,0,0,0,0,0,0,0,0,0,0,0,0,0,0,0,0,0,0,0,0,0,0,0,0,0,0,0,0,0,0,0
20190323,0,0,0,0,0,0,0,0,0,0,0,0,0,0,0,0,0,0,0,0,0,0,0,0,0,0,0,0,0,0,0,0,0,0,0,0,0,0,0,0,0,0,0,0,0,0
20190324,0,0,0,0,0,0,0,0,0,0,0,0,0,0,0,0,0,0,0,0,0,0,0,0,0,0,0,0,0,0,0,0,0,0,0,0,0,0,0,0,0,0,0,0,0,0
20190325,0,0,0,0,0,0,0,0,0,0,0,0,0,0,0,0,0,0,0,0,0,0,0,0,0,0,0,0,0,0,0,0,0,0,0,0,0,0,0,0,0,0,0,0,0,0
20190326,0,0,0,0,0,0,0,0,0,0,0,0,0,0,0,0,0,0,0,0,0,0,0,0,0,0,0,0,0,0,0,0,0,0,0,0,0,0,0,0,0,0,0,0,0,0
20190327,0,0,0,0,0,0,0,0,0,0,0,0,0,0,0,0,0,0,0,0,0,0,0,0,0,0,0,0,0,0,0,0,0,0,0,0,0,0,0,0,0,0,0,0,0,0
20190328,0,0,0,0,0,0,0,0,0,0,0,0,0,0,0,0,0,0,0,0,0,0,0,0,0,0,0,0,0,0,0,0,0,0,0,0,0,0,0,0,0,0,0,0,0,0
20190329,0,0,0,0,0,0,0,0,0,0,0,0,0,0,0,0,0,0,0,0,0,0,0,0,0,0,0,0,0,0,0,0,0,0,0,0,0,0,0,0,0,0,0,0,0,0
20190330,0,0,0,0,0,0,0,0,0,0,0,0,0,0,0,0,0,0,0,0,0,0,0,0,0,0,0,0,0,0,0,0,0,0,0,0,0,0,0,0,0,0,0,0,0,0
20190331,0,0,0,0,0,0,0,0,0,0,0,0,0,0,0,0,0,0,0,0,0,0,0,0,0,0,0,0,0,0,0,0,0,0,0,0,0,0,0,0,0,0,0,0,0,0
20190401,0,0,0,0,0,0,0,0,0,0,0,0,0,0,0,0,0,0,0,0,0,0,0,0,0,0,0,0,0,0,0,0,0,0,0,0,0,0,0,0,0,0,0,0,0,0
20190402,0,0,0,0,0,0,0,0,0,0,0,0,0,0,0,0,0,0,0,0,0,0,0,0,0,0,0,0,0,0,0,0,0,0,0,0,0,0,0,0,0,0,0,0,0,0
20190403,0,0,0,0,0,0,0,0,0,0,0,0,0,0,0,0,0,0,0,0,0,0,0,0,0,0,0,0,0,0,0,0,0,0,0,0,0,0,0,0,0,0,0,0,0,0
20190404,0,0,0,0,0,0,0,0,0,0,0,0,0,0,0,0,0,0,0,0,0,0,0,0,0,0,0,0,0,0,0,0,0,0,0,0,0,0,0,0,0,0,0,0,0,0
20190405,0,0,0,0,0,0,0,0,0,0,0,0,0,0,0,0,0,0,0,0,0,0,0,0,0,0,0,0,0,0,0,0,0,0,0,0,0,0,0,0,0,0,0,0,0,0
20190406,0,0,0,0,0,0,0,0,0,0,0,0,0,0,0,0,0,0,0,0,0,0,0,0,0,0,0,0,0,0,0,0,0,0,0,0,0,0,0,0,0,0,0,0,0,0
20190407,0,0,0,0,0,0,0,0,0,0,0,0,0,0,0,0,0,0,0,0,0,0,0,0,0,0,0,0,0,0,0,0,0,0,0,0,0,0,0,0,0,0,0,0,0,0
20190408,0,0,0,0,0,0,0,0,0,0,0,0,0,0,0,0,0,0,0,0,0,0,0,0,0,0,0,0,0,0,0,0,0,0,0,0,0,0,0,0,0,0,0,0,0,0
20190409,0,0,0,0,0,0,0,0,0,0,0,0,0,0,0,0,0,0,0,0,0,0,0,0,0,0,0,0,0,0,0,0,0,0,0,0,0,0,0,0,0,0,0,0,0,0
20190410,0,0,0,0,0,0,0,0,0,0,0,0,0,0,0,0,0,0,0,0,0,0,0,0,0,0,0,0,0,0,0,0,0,0,0,0,0,0,0,0,0,0,0,0,0,0
20190411,0,0,0,0,0,0,0,0,0,0,0,0,0,0,0,0,0,0,0,0,0,0,0,0,0,0,0,0,0,0,0,0,0,0,0,0,0,0,0,0,0,0,0,0,0,0
20190412,0,0,0,0,0,0,0,0,0,0,0,0,0,0,0,0,0,0,0,0,0,0,0,0,0,0,0,0,0,0,0,0,0,0,0,0,0,0,0,0,0,0,0,0,0,0
20190413,0,0,0,0,0,0,0,0,0,0,0,0,0,0,0,0,0,0,0,0,0,0,0,0,0,0,0,0,0,0,0,0,0,0,0,0,0,0,0,0,0,0,0,0,0,0
20190414,0,0,0,0,0,0,0,0,0,0,0,0,0,0,0,0,0,0,0,0,0,0,0,0,0,0,0,0,0,0,0,0,0,0,0,0,0,0,0,0,0,0,0,0,0,0
20190415,0,0,0,0,0,0,0,0,0,0,0,0,0,0,0,0,0,0,0,0,0,0,0,0,0,0,0,0,0,0,0,0,0,0,0,0,0,0,0,0,0,0,0,0,0,0
20190416,0,0,0,0,0,0,0,0,0,0,0,0,0,0,0,0,0,0,0,0,0,0,0,0,0,0,0,0,0,0,0,0,0,0,0,0,0,0,0,0,0,0,0,0,0,0
20190417,0,0,0,0,0,0,0,0,0,0,0,0,0,0,0,0,0,0,0,0,0,0,0,0,0,0,0,0,0,0,0,0,0,0,0,0,0,0,0,0,0,0,0,0,0,0
20190418,0,0,0,0,0,0,0,0,0,0,0,0,0,0,0,0,0,0,0,0,0,0,0,0,0,0,0,0,0,0,0,0,0,0,0,0,0,0,0,0,0,0,0,0,0,0
20190419,0,0,0,0,0,0,0,0,0,0,0,0,0,0,0,0,0,0,0,0,0,0,0,0,0,0,0,0,0,0,0,0,0,0,0,0,0,0,0,0,0,0,0,0,0,0
20190420,0,0,0,0,0,0,0,0,0,0,0,0,0,0,0,0,0,0,0,0,0,0,0,0,0,0,0,0,0,0,0,0,0,0,0,0,0,0,0,0,0,0,0,0,0,0
20190421,0,0,0,0,0,0,0,0,0,0,0,0,0,0,0,0,0,0,0,0,0,0,0,0,0,0,0,0,0,0,0,0,0,0,0,0,0,0,0,0,0,0,0,0,0,0
20190422,0,0,0,0,0,0,0,0,0,0,0,0,0,0,0,0,0,0,0,0,0,0,0,0,0,0,0,0,0,0,0,0,0,0,0,0,0,0,0,0,0,0,0,0,0,0
20190423,0,0,0,0,0,0,0,0,0,0,0,0,0,0,0,0,0,0,0,0,0,0,0,0,0,0,0,0,0,0,0,0,0,0,0,0,0,0,0,0,0,0,0,0,0,0
20190424,0,0,0,0,0,0,0,0,0,0,0,0,0,0,0,0,0,0,0,0,0,0,0,0,0,0,0,0,0,0,0,0,0,0,0,0,0,0,0,0,0,0,0,0,0,0
20190425,0,0,0,0,0,0,0,0,0,0,0,0,0,0,0,0,0,0,0,0,0,0,0,0,0,0,0,0,0,0,0,0,0,0,0,0,0,0,0,0,0,0,0,0,0,0
20190426,0,0,0,0,0,0,0,0,0,0,0,0,0,0,0,0,0,0,0,0,0,0,0,0,0,0,0,0,0,0,0,0,0,0,0,0,0,0,0,0,0,0,0,0,0,0
20190427,0,0,0,0,0,0,0,0,0,0,0,0,0,0,0,0,0,0,0,0,0,0,0,0,0,0,0,0,0,0,0,0,0,0,0,0,0,0,0,0,0,0,0,0,0,0
20190428,0,0,0,0,0,0,0,0,0,0,0,0,0,0,0,0,0,0,0,0,0,0,0,0,0,0,0,0,0,0,0,0,0,0,0,0,0,0,0,0,0,0,0,0,0,0
20190429,0,0,0,0,0,0,0,0,0,0,0,0,0,0,0,0,0,0,0,0,0,0,0,0,0,0,0,0,0,0,0,0,0,0,0,0,0,0,0,0,0,0,0,0,0,0
20190430,0,0,0,0,0,0,0,0,0,0,0,0,0,0,0,0,0,0,0,0,0,0,0,0,0,0,0,0,0,0,0,0,0,0,0,0,0,0,0,0,0,0,0,0,0,0
20190501,0,0,0,0,0,0,0,0,0,0,0,0,0,0,0,0,0,0,0,0,0,0,0,0,0,0,0,0,0,0,0,0,0,0,0,0,0,0,0,0,0,0,0,0,0,0
20190502,0,0,0,0,0,0,0,0,0,0,0,0,0,0,0,0,0,0,0,0,0,0,0,0,0,0,0,0,0,0,0,0,0,0,0,0,0,0,0,0,0,0,0,0,0,0
20190503,0,0,0,0,0,0,0,0,0,0,0,0,0,0,0,0,0,0,0,0,0,0,0,0,0,0,0,0,0,0,0,0,0,0,0,0,0,0,0,0,0,0,0,0,0,0
20190504,0,0,0,0,0,0,0,0,0,0,0,0,0,0,0,0,0,0,0,0,0,0,0,0,0,0,0,0,0,0,0,0,0,0,0,0,0,0,0,0,0,0,0,0,0,0
20190505,0,0,0,0,0,0,0,0,0,0,0,0,0,0,0,0,0,0,0,0,0,0,0,0,0,0,0,0,0,0,0,0,0,0,0,0,0,0,0,0,0,0,0,0,0,0
20190506,0,0,0,0,0,0,0,0,0,0,0,0,0,0,0,0,0,0,0,0,0,0,0,0,0,0,0,0,0,0,0,0,0,0,0,0,0,0,0,0,0,0,0,0,0,0
20190507,0,0,0,0,0,0,0,0,0,0,0,0,0,0,0,0,0,0,0,0,0,0,0,0,0,0,0,0,0,0,0,0,0,0,0,0,0,0,0,0,0,0,0,0,0,0
20190508,0,0,0,0,0,0,0,0,0,0,0,0,0,0,0,0,0,0,0,0,0,0,0,0,0,0,0,0,0,0,0,0,0,0,0,0,0,0,0,0,0,0,0,0,0,0
20190509,947,1142,2383,484,2967,2314,5646,4363,3146,0,5013,4627,3755,2389,4815,0,0,0,0,0,0,0,0,0,0,0,0,0,0,0,0,0,0,0,0,0,0,0,0,0,0,0,0,0,0,0
20190510,1607,1963,3674,864,4469,3635,9136,7333,5653,0,7915,7897,6950,4336,8093,0,0,0,0,0,0,0,0,0,0,0,0,0,0,0,0,0,0,0,0,0,0,0,0,0,0,0,0,0,0,0
20190511,1736,1890,4109,731,4814,3646,10182,7915,5881,1,8210,8574,7655,4346,8394,0,0,0,0,0,0,0,0,0,0,0,0,0,0,0,0,0,0,0,0,0,0,0,0,0,0,0,0,0,0,0
20190512,1613,1500,3540,528,3529,3193,8763,5621,5036,0,6923,6519,5961,3438,6996,0,0,0,0,0,0,0,0,0,0,0,0,0,0,0,0,0,0,0,0,0,0,0,0,0,0,0,0,0,0,0
20190513,1512,1972,3444,871,4630,3877,8629,7331,4993,0,7885,7829,7308,4658,8483,0,0,0,0,0,0,0,0,0,0,0,0,0,0,0,0,0,0,0,0,0,0,0,0,0,0,0,0,0,0,0
20190514,1558,2004,3767,892,4389,3642,9037,7133,5193,2,7925,7809,7556,4781,8461,0,0,0,0,0,0,0,0,0,0,0,0,0,0,0,0,0,0,0,0,0,0,0,0,0,0,0,0,0,0,0
20190515,1468,2002,3771,939,4496,3983,9234,7403,5466,3,8285,7838,7712,4476,8436,0,0,0,0,0,0,0,0,0,0,0,0,0,0,0,0,0,0,0,0,0,0,0,0,0,0,0,0,0,0,0
20190516,1469,1978,3629,874,4479,4053,9218,7014,5408,2,8088,7825,7556,4520,8403,0,0,0,0,0,0,0,0,0,0,0,0,0,0,0,0,0,0,0,0,0,0,0,0,0,0,0,0,0,0,0
20190517,1807,2219,4176,904,4882,4377,9826,7743,6234,3,8593,8356,7825,4831,8757,0,0,0,0,0,0,0,0,0,0,0,0,0,0,0,0,0,0,0,0,0,0,0,0,0,0,0,0,0,0,0
20190518,1678,1949,4085,714,4472,3719,9887,7305,5898,0,8359,7996,7526,4728,8097,0,0,0,0,0,0,0,0,0,0,0,0,0,0,0,0,0,0,0,0,0,0,0,0,0,0,0,0,0,0,0
20190519,1774,1624,3580,544,3355,2409,8460,5923,5283,0,6918,6009,6067,3353,6957,0,0,0,0,0,0,0,0,0,0,0,0,0,0,0,0,0,0,0,0,0,0,0,0,0,0,0,0,0,0,0
20190520,1473,1945,3484,1640,4412,3664,8824,7214,5095,1,7938,7579,7297,4285,8322,0,0,0,0,0,0,0,0,0,0,0,0,0,0,0,0,0,0,0,0,0,0,0,0,0,0,0,0,0,0,0
20190521,1366,1758,3295,1219,4006,3258,7843,6469,4784,2,7342,6887,6594,1799,7450,0,0,0,0,0,0,0,0,0,0,0,0,0,0,0,0,0,0,0,0,0,0,0,0,0,0,0,0,0,0,0
20190522,1621,1949,3737,905,4393,3868,8938,7443,5504,1,8548,7904,7567,0,8504,0,0,0,0,0,0,0,0,0,0,0,0,0,0,0,0,0,0,0,0,0,0,0,0,0,0,0,0,0,0,0
20190523,1634,2110,3677,922,4658,3967,9193,7124,5484,2,8504,7978,7780,0,8330,0,0,0,0,0,0,0,0,0,0,0,0,0,0,0,0,0,0,0,0,0,0,0,0,0,0,0,0,0,0,0
20190524,1718,2139,4126,892,4730,4149,9744,6358,5872,1,8290,8099,7732,0,8780,0,0,0,0,0,0,0,0,0,0,0,0,0,0,0,0,0,0,0,0,0,0,0,0,0,0,0,0,0,0,0
20190525,1547,1615,3731,602,4118,3749,9210,6833,5445,2,7709,7601,7308,0,7829,0,0,0,0,0,0,0,0,0,0,0,0,0,0,0,0,0,0,0,0,0,0,0,0,0,0,0,0,0,0,0
20190526,1488,1380,3312,566,3417,3540,8615,5808,5076,0,6639,6389,5893,0,6762,0,0,0,0,0,0,0,0,0,0,0,0,0,0,0,0,0,0,0,0,0,0,0,0,0,0,0,0,0,0,0
20190527,1418,1198,3330,517,3182,3217,8185,6138,4659,0,6286,5845,6383,0,6587,0,0,0,0,0,0,0,0,0,0,0,0,0,0,0,0,0,0,0,0,0,0,0,0,0,0,0,0,0,0,0
20190528,1444,2352,3866,733,4234,3557,8949,7229,4989,0,7591,7550,7080,0,7303,0,0,0,0,0,0,0,0,0,0,0,0,0,0,0,0,0,0,0,0,0,0,0,0,0,0,0,0,0,0,0
20190529,1559,1839,3786,797,4264,3835,9167,7228,5172,0,7751,7579,7116,0,8038,0,0,0,0,0,0,0,0,0,0,0,0,0,0,0,0,0,0,0,0,0,0,0,0,0,0,0,0,0,0,0
20190530,1511,1753,3688,785,4287,3637,9071,7265,5057,0,8233,7581,7649,0,8165,0,0,0,0,0,0,0,0,0,0,0,0,0,0,0,0,0,0,0,0,0,0,0,0,0,0,0,0,0,0,0
20190531,1671,1912,4113,865,4675,4085,9539,7449,5746,4,8563,7773,7992,0,8718,0,0,0,0,0,0,0,0,0,0,0,0,0,0,0,0,0,0,0,0,0,0,0,0,0,0,0,0,0,0,0
20190601,1770,1613,3868,605,3922,3891,9700,6902,5585,0,8401,7207,8323,0,7711,0,0,0,0,0,0,0,0,0,0,0,0,0,0,0,0,0,0,0,0,0,0,0,0,0,0,0,0,0,0,0
20190602,1936,1476,3624,564,3208,2106,8631,5701,4325,0,6872,6141,6921,0,6833,0,0,0,0,0,0,0,0,0,0,0,0,0,0,0,0,0,0,0,0,0,0,0,0,0,0,0,0,0,0,0
20190603,1501,1997,3617,1242,4445,3674,8850,7352,3671,1,8012,7557,7544,0,8398,0,0,0,0,0,0,0,0,0,0,0,0,0,0,0,0,0,0,0,0,0,0,0,0,0,0,0,0,0,0,0
20190604,1453,2122,3789,1029,4555,3825,9226,7304,5121,0,8367,7920,7332,0,8512,0,0,0,0,0,0,0,0,0,0,0,0,0,0,0,0,0,0,0,0,0,0,0,0,0,0,0,0,0,0,0
20190605,1542,2054,3633,1110,4607,4018,9190,7502,5272,3,8264,8101,7549,0,8582,0,0,0,0,0,0,0,0,0,0,0,0,0,0,0,0,0,0,0,0,0,0,0,0,0,0,0,0,0,0,0
20190606,1523,2048,3626,892,4531,4018,9102,7390,5285,2,8492,8087,7659,0,8497,0,0,0,0,0,0,0,0,0,0,0,0,0,0,0,0,0,0,0,0,0,0,0,0,0,0,0,0,0,0,0
20190607,1700,2289,3951,970,4939,4616,9788,7890,6064,2,8763,8468,7925,0,8875,0,0,0,0,0,0,0,0,0,0,0,0,0,0,0,0,0,0,0,0,0,0,0,0,0,0,0,0,0,0,0
20190608,1700,1890,3851,593,4689,4352,10387,7443,5880,0,8342,8284,7200,0,8065,0,0,0,0,0,0,0,0,0,0,0,0,0,0,0,0,0,0,0,0,0,0,0,0,0,0,0,0,0,0,0
20190609,1499,1474,3316,539,3535,3743,8910,94,5049,0,6894,6720,6175,0,6979,0,0,0,0,0,0,0,0,0,0,0,0,0,0,0,0,0,0,0,0,0,0,0,0,0,0,0,0,0,0,0
20190610,1758,2101,3645,857,4648,4618,9478,0,5550,2,8019,8109,6955,0,8356,0,0,0,0,0,0,0,0,0,0,0,0,0,0,0,0,0,0,0,0,0,0,0,0,0,0,0,0,0,0,0
20190611,1608,2207,3693,994,4732,4415,9071,0,5308,2,8029,8447,7074,2185,8419,0,0,0,0,0,0,0,0,0,0,0,0,0,0,0,0,0,0,0,0,0,0,0,0,0,0,0,0,0,0,0
20190612,1598,2246,3672,949,5099,4328,9412,0,5510,1,8068,9420,7567,4146,8564,0,0,0,0,0,0,0,0,0,0,0,0,0,0,0,0,0,0,0,0,0,0,0,0,0,0,0,0,0,0,0
20190613,1794,2271,3839,1138,5062,4598,9260,0,5616,0,8373,10273,7760,4927,8545,0,0,0,0,0,0,0,0,0,0,0,0,0,0,0,0,0,0,0,0,0,0,0,0,0,0,0,0,0,0,0
20190614,1848,2187,4021,1186,5151,4584,10117,0,5761,0,8463,10095,8006,3109,9023,0,0,0,0,0,0,0,0,0,0,0,0,0,0,0,0,0,0,0,0,0,0,0,0,0,0,0,0,0,0,0
20190615,1680,1857,3897,628,4578,4670,10078,85,5706,1,8159,8698,7856,3326,8185,0,0,0,0,0,0,0,0,0,0,0,0,0,0,0,0,0,0,0,0,0,0,0,0,0,0,0,0,0,0,0
20190616,1669,1550,3378,532,3782,4216,8971,0,5350,0,6985,7107,6112,2730,6982,0,0,0,0,0,0,0,0,0,0,0,0,0,0,0,0,0,0,0,0,0,0,0,0,0,0,0,0,0,0,0
20190617,1642,1843,3503,883,4453,3950,8853,0,4472,0,7906,7684,7347,2178,8511,0,0,0,0,0,0,0,0,0,0,0,0,0,0,0,0,0,0,0,0,0,0,0,0,0,0,0,0,0,0,0
20190618,1709,1955,3535,944,4683,4184,8929,0,4243,0,7993,8274,7345,1725,8331,0,0,0,0,0,0,0,0,0,0,0,0,0,0,0,0,0,0,0,0,0,0,0,0,0,0,0,0,0,0,0
20190619,1737,2189,3641,1029,4557,4395,9305,0,5246,5,8279,8345,7676,1703,8410,0,0,0,0,0,0,0,0,0,0,0,0,0,0,0,0,0,0,0,0,0,0,0,0,0,0,0,0,0,0,0
20190620,1731,2024,3614,899,4130,4529,9274,0,5599,1,7843,8249,7620,1348,8486,0,0,0,0,0,0,0,0,0,0,0,0,0,0,0,0,0,0,0,0,0,0,0,0,0,0,0,0,0,0,0
20190621,1759,1907,4004,900,4426,4779,9764,0,4999,3,8065,8635,8104,1558,8798,0,0,0,0,0,0,0,0,0,0,0,0,0,0,0,0,0,0,0,0,0,0,0,0,0,0,0,0,0,0,0
20190622,1732,1533,3848,656,4376,4342,10277,0,4212,1,8257,8243,7513,4338,8118,0,0,0,0,0,0,0,0,0,0,0,0,0,0,0,0,0,0,0,0,0,0,0,0,0,0,0,0,0,0,0
20190623,1651,1497,3086,574,3606,4075,9017,0,4869,1,6748,7329,6076,1044,6846,0,0,0,0,0,0,0,0,0,0,0,0,0,0,0,0,0,0,0,0,0,0,0,0,0,0,0,0,0,0,0
20190624,1468,1874,3401,862,4594,4090,8644,0,4952,0,7847,7954,7333,768,8347,0,0,0,0,0,0,0,0,0,0,0,0,0,0,0,0,0,0,0,0,0,0,0,0,0,0,0,0,0,0,0
20190625,1667,2076,3668,924,4726,4571,9261,0,4317,2,8523,8456,7695,949,8577,0,0,0,0,0,0,0,0,0,0,0,0,0,0,0,0,0,0,0,0,0,0,0,0,0,0,0,0,0,0,0
20190626,1723,1973,3555,894,4642,4585,9397,5713,4197,5,8351,8220,7671,3663,8682,0,0,0,0,0,0,0,0,0,0,0,0,0,0,0,0,0,0,0,0,0,0,0,0,0,0,0,0,0,0,0
20190627,1657,2034,3672,844,4623,4607,9412,7372,5488,2,8778,7889,7609,2634,8602,0,0,0,0,0,0,0,0,0,0,0,0,0,0,0,0,0,0,0,0,0,0,0,0,0,0,0,0,0,0,0
20190628,1701,2049,3954,975,4805,4813,9863,8060,5810,5,8280,8179,8058,2823,8791,0,0,0,0,0,0,0,0,0,0,0,0,0,0,0,0,0,0,0,0,0,0,0,0,0,0,0,0,0,0,0
20190629,1737,1694,3735,652,4350,4527,9810,6925,5844,4,8370,7862,7446,5393,7898,0,0,0,0,0,0,0,0,0,0,0,0,0,0,0,0,0,0,0,0,0,0,0,0,0,0,0,0,0,0,0
20190630,1635,1447,3243,725,3702,4369,9017,5748,5031,0,7273,6904,6216,5182,6928,0,0,0,0,0,0,0,0,0,0,0,0,0,0,0,0,0,0,0,0,0,0,0,0,0,0,0,0,0,0,0
20190701,1554,2151,2270,1032,5357,4991,8604,7694,3519,2,7751,8588,7690,4696,8456,0,0,0,0,0,0,0,0,0,0,0,0,0,0,0,0,0,0,0,0,0,0,0,0,0,0,0,0,0,0,0
20190702,1509,2002,2253,988,5275,4585,8647,7539,3312,3,7865,8602,7399,4665,8339,0,0,0,0,0,0,0,0,0,0,0,0,0,0,0,0,0,0,0,0,0,0,0,0,0,0,0,0,0,0,0
20190703,1665,2179,2335,1022,5521,4834,9105,8035,3174,4,8270,8914,7904,4600,8699,0,0,0,0,0,0,0,0,0,0,0,0,0,0,0,0,0,0,0,0,0,0,0,0,0,0,0,0,0,0,0
20190704,1751,2256,2268,1007,5267,4907,8945,8061,3010,5,8379,8655,8292,2007,8821,0,0,0,0,0,0,0,0,0,0,0,0,0,0,0,0,0,0,0,0,0,0,0,0,0,0,0,0,0,0,0
20190705,1664,2021,2163,961,5905,4735,8853,7591,2992,22,7942,8814,7627,3921,8120,0,0,0,0,0,0,0,0,0,0,0,0,0,0,0,0,0,0,0,0,0,0,0,0,0,0,0,0,0,0,0
20190706,1756,1830,2255,785,5358,5029,8547,7776,3690,2,8029,8592,7338,4003,8181,0,0,0,0,0,0,0,0,0,0,0,0,0,0,0,0,0,0,0,0,0,0,0,0,0,0,0,0,0,0,0
20190707,1669,1614,1882,647,4869,4883,8887,6621,3522,3,7368,8352,6380,3519,7216,0,0,0,0,0,0,0,0,0,0,0,0,0,0,0,0,0,0,0,0,0,0,0,0,0,0,0,0,0,0,0
20190708,1498,1913,2075,928,5135,4599,8518,8047,3267,3,7735,8273,7523,4464,8303,0,0,0,0,0,0,0,0,0,0,0,0,0,0,0,0,0,0,0,0,0,0,0,0,0,0,0,0,0,0,0
20190709,1535,1926,2219,894,5354,4820,8901,8047,3397,3,8240,8942,7749,4671,8365,0,0,0,0,0,0,0,0,0,0,0,0,0,0,0,0,0,0,0,0,0,0,0,0,0,0,0,0,0,0,0
20190710,1620,2163,2225,967,5113,4732,10001,8255,3055,2,8376,8716,8232,4668,8481,0,0,0,0,0,0,0,0,0,0,0,0,0,0,0,0,0,0,0,0,0,0,0,0,0,0,0,0,0,0,0
20190711,1534,2046,2140,901,5303,5111,9159,8133,2991,0,8520,8902,7923,4202,8402,0,0,0,0,0,0,0,0,0,0,0,0,0,0,0,0,0,0,0,0,0,0,0,0,0,0,0,0,0,0,0
20190712,1818,2218,2362,996,5602,5474,9847,8258,4117,0,8606,9108,8492,5080,8760,0,0,0,0,0,0,0,0,0,0,0,0,0,0,0,0,0,0,0,0,0,0,0,0,0,0,0,0,0,0,0
20190713,1711,1849,2167,851,5442,5097,9549,6129,3795,0,7899,8845,7607,4211,8159,0,0,0,0,0,0,0,0,0,0,0,0,0,0,0,0,0,0,0,0,0,0,0,0,0,0,0,0,0,0,0
20190714,1535,1469,1767,691,4555,4903,8415,5949,2875,0,6758,7476,6393,3363,6967,0,0,0,0,0,0,0,0,0,0,0,0,0,0,0,0,0,0,0,0,0,0,0,0,0,0,0,0,0,0,0
20190715,1487,2029,1999,922,5166,4478,8511,7717,2814,0,7599,8222,7566,4406,8402,0,0,0,0,0,0,0,0,0,0,0,0,0,0,0,0,0,0,0,0,0,0,0,0,0,0,0,0,0,0,0
20190716,1076,2022,2189,942,5198,4649,8121,7743,1915,0,7727,8207,7334,4500,8495,0,0,0,0,0,0,0,0,0,0,0,0,0,0,0,0,0,0,0,0,0,0,0,0,0,0,0,0,0,0,0
20190717,1576,1953,2210,981,5326,4688,8761,7926,3067,2,7840,8631,7787,4496,8613,0,0,0,0,0,0,0,0,0,0,0,0,0,0,0,0,0,0,0,0,0,0,0,0,0,0,0,0,0,0,0
20190718,1672,1922,2181,902,5128,4882,8885,8204,2909,0,8025,8897,7792,4655,8697,0,0,0,0,0,0,0,0,0,0,0,0,0,0,0,0,0,0,0,0,0,0,0,0,0,0,0,0,0,0,0
20190719,1695,2018,2276,1042,5647,5278,9306,8349,3433,0,8104,9072,8296,4596,8684,0,0,0,0,0,0,0,0,0,0,0,0,0,0,0,0,0,0,0,0,0,0,0,0,0,0,0,0,0,0,0
20190720,1708,1635,2165,737,5461,4945,9472,8377,3676,0,7935,8903,8031,5569,8008,0,0,0,0,0,0,0,0,0,0,0,0,0,0,0,0,0,0,0,0,0,0,0,0,0,0,0,0,0,0,0
20190721,1567,1495,1678,591,4465,4801,8163,6370,2939,0,6621,7599,6418,4758,6987,0,0,0,0,0,0,0,0,0,0,0,0,0,0,0,0,0,0,0,0,0,0,0,0,0,0,0,0,0,0,0
20190722,1508,1744,1983,819,5067,4520,8375,8132,2498,0,8030,7956,8207,3873,8577,0,0,0,0,0,0,0,0,0,0,0,0,0,0,0,0,0,0,0,0,0,0,0,0,0,0,0,0,0,0,0
20190723,1456,1800,2054,886,5176,4545,8611,8081,2468,0,8305,8168,8574,2806,8748,0,0,0,0,0,0,0,0,0,0,0,0,0,0,0,0,0,0,0,0,0,0,0,0,0,0,0,0,0,0,0
20190724,1546,1789,2024,831,5246,4577,8951,8072,2551,2,8453,8430,8720,1919,8699,0,0,0,0,0,0,0,0,0,0,0,0,0,0,0,0,0,0,0,0,0,0,0,0,0,0,0,0,0,0,0
20190725,1686,1649,2042,891,5400,5064,9505,7851,3225,0,8635,8758,8309,1387,8910,0,0,0,0,0,0,0,0,0,0,0,0,0,0,0,0,0,0,0,0,0,0,0,0,0,0,0,0,0,0,0
20190726,1723,1821,2301,883,5774,5173,9831,8258,3448,1,8569,9285,8801,2165,8679,0,0,0,0,0,0,0,0,0,0,0,0,0,0,0,0,0,0,0,0,0,0,0,0,0,0,0,0,0,0,0
20190727,1787,1768,2079,703,5458,5022,9782,7970,3108,0,8182,9098,7564,4194,7697,0,0,0,0,0,0,0,0,0,0,0,0,0,0,0,0,0,0,0,0,0,0,0,0,0,0,0,0,0,0,0
20190728,1663,1517,1785,607,4611,4856,8592,6839,2786,0,6893,8036,6250,3332,6707,0,0,0,0,0,0,0,0,0,0,0,0,0,0,0,0,0,0,0,0,0,0,0,0,0,0,0,0,0,0,0
20190729,1285,1642,1978,723,4997,4160,8281,7632,2866,0,7405,8212,7440,4166,8374,0,0,0,0,0,0,0,0,0,0,0,0,0,0,0,0,0,0,0,0,0,0,0,0,0,0,0,0,0,0,0
20190730,1005,1766,2113,793,5097,4513,8505,8463,3028,1,7662,8713,7658,4243,8452,0,0,0,0,0,0,0,0,0,0,0,0,0,0,0,0,0,0,0,0,0,0,0,0,0,0,0,0,0,0,0
20190731,979,1638,1995,903,5369,4570,8872,8201,3046,0,7824,8877,8007,4166,8791,0,0,0,0,0,0,0,0,0,0,0,0,0,0,0,0,0,0,0,0,0,0,0,0,0,0,0,0,0,0,0
20190801,1027,1813,1909,789,5467,4562,8713,8048,2924,0,7839,8834,7825,4223,8789,0,0,0,0,0,0,0,0,0,0,0,0,0,0,0,0,0,0,0,0,0,0,0,0,0,0,0,0,0,0,0
20190802,1054,1928,2110,826,5576,4863,9063,8301,2732,1,7851,8861,8034,4514,8753,0,0,0,0,0,0,0,0,0,0,0,0,0,0,0,0,0,0,0,0,0,0,0,0,0,0,0,0,0,0,0
20190803,1029,1574,1867,648,4925,4834,8877,7164,2787,0,7411,8052,7491,1947,7946,0,0,0,0,0,0,0,0,0,0,0,0,0,0,0,0,0,0,0,0,0,0,0,0,0,0,0,0,0,0,0
20190804,1033,1429,1561,472,4283,4574,7890,5351,2799,0,6295,7363,6253,666,6907,0,0,0,0,0,0,0,0,0,0,0,0,0,0,0,0,0,0,0,0,0,0,0,0,0,0,0,0,0,0,0
20190805,1367,1701,1799,718,5113,4530,8087,6523,2546,0,7361,8007,7198,2827,8388,0,0,0,0,0,0,0,0,0,0,0,0,0,0,0,0,0,0,0,0,0,0,0,0,0,0,0,0,0,0,0
20190806,1287,1711,1837,703,5171,4347,8160,4777,2262,0,7733,8141,7223,4019,8286,0,0,0,0,0,0,0,0,0,0,0,0,0,0,0,0,0,0,0,0,0,0,0,0,0,0,0,0,0,0,0
20190807,1274,1702,1887,710,5156,4614,8252,5697,2487,0,7561,8325,7596,2524,8484,0,0,0,0,0,0,0,0,0,0,0,0,0,0,0,0,0,0,0,0,0,0,0,0,0,0,0,0,0,0,0
20190808,1159,1677,1703,688,5066,4624,7463,4551,2449,0,7457,7900,7509,2297,8330,0,0,0,0,0,0,0,0,0,0,0,0,0,0,0,0,0,0,0,0,0,0,0,0,0,0,0,0,0,0,0
20190809,1322,2001,1748,940,5551,5517,8052,7914,2587,0,8020,8991,7731,3168,8535,0,0,0,0,0,0,0,0,0,0,0,0,0,0,0,0,0,0,0,0,0,0,0,0,0,0,0,0,0,0,0
20190810,1190,1714,1633,611,4923,4930,8801,6900,2470,0,7420,8006,7377,3238,7729,0,0,0,0,0,0,0,0,0,0,0,0,0,0,0,0,0,0,0,0,0,0,0,0,0,0,0,0,0,0,0
20190811,1045,1546,1793,736,4225,4461,7942,5243,2410,0,6474,7397,6147,3003,6765,0,0,0,0,0,0,0,0,0,0,0,0,0,0,0,0,0,0,0,0,0,0,0,0,0,0,0,0,0,0,0
20190812,1058,1713,1629,797,4859,4226,7921,6423,2284,0,7484,7716,7386,3927,8316,0,0,0,0,0,0,0,0,0,0,0,0,0,0,0,0,0,0,0,0,0,0,0,0,0,0,0,0,0,0,0
20190813,1002,1713,1660,572,5125,4378,8061,7263,2401,0,7821,8266,7409,4160,8462,0,0,0,0,0,0,0,0,0,0,0,0,0,0,0,0,0,0,0,0,0,0,0,0,0,0,0,0,0,0,0
20190814,896,1356,1508,614,4694,3933,7525,6607,1890,0,6644,7354,5801,2942,6754,0,0,0,0,0,0,0,0,0,0,0,0,0,0,0,0,0,0,0,0,0,0,0,0,0,0,0,0,0,0,0
20190815,1026,1792,1670,793,5219,4734,8641,7527,2351,0,8016,8551,7855,3784,8265,0,0,0,0,0,0,0,0,0,0,0,0,0,0,0,0,0,0,0,0,0,0,0,0,0,0,0,0,0,0,0
20190816,1053,1945,1866,1034,5571,5310,9051,7192,2698,0,7999,9208,7731,4308,8391,0,0,0,0,0,0,0,0,0,0,0,0,0,0,0,0,0,0,0,0,0,0,0,0,0,0,0,0,0,0,0
20190817,910,1581,1616,911,4642,4997,8439,5940,2515,0,7195,7805,7490,2019,7355,0,0,0,0,0,0,0,0,0,0,0,0,0,0,0,0,0,0,0,0,0,0,0,0,0,0,0,0,0,0,0
20190818,886,1292,1267,621,4197,4653,7858,5519,2307,0,6274,7027,6133,2719,6485,0,0,0,0,0,0,0,0,0,0,0,0,0,0,0,0,0,0,0,0,0,0,0,0,0,0,0,0,0,0,0
20190819,734,1615,1637,901,4955,4666,7658,6137,1854,0,7387,7872,7373,4123,8132,0,0,0,0,0,0,0,0,0,0,0,0,0,0,0,0,0,0,0,0,0,0,0,0,0,0,0,0,0,0,0
20190820,668,1528,1745,863,4889,4624,7946,7713,1586,5,7759,7958,7764,4032,8334,0,0,0,0,0,0,0,0,0,0,0,0,0,0,0,0,0,0,0,0,0,0,0,0,0,0,0,0,0,0,0
20190821,681,1646,1849,858,5261,4975,7985,5588,1598,1,7948,8250,7732,4474,8420,0,0,0,0,0,0,0,0,0,0,0,0,0,0,0,0,0,0,0,0,0,0,0,0,0,0,0,0,0,0,0
20190822,674,1688,1931,878,5191,4817,7845,7133,1428,0,8173,8204,7960,4621,8443,0,0,0,0,0,0,0,0,0,0,0,0,0,0,0,0,0,0,0,0,0,0,0,0,0,0,0,0,0,0,0
20190823,538,1862,2236,942,5471,5639,8085,5076,1415,0,7670,8377,7908,2244,8566,0,0,0,0,0,0,0,0,0,0,0,0,0,0,0,0,0,0,0,0,0,0,0,0,0,0,0,0,0,0,0
20190824,769,1371,2182,646,4183,4440,8087,6086,1908,0,6882,7011,7190,1753,7141,0,0,0,0,0,0,0,0,0,0,0,0,0,0,0,0,0,0,0,0,0,0,0,0,0,0,0,0,0,0,0
20190825,764,1073,2101,517,3365,3943,7266,4815,2152,0,5963,5948,5868,2903,5954,0,0,0,0,0,0,0,0,0,0,0,0,0,0,0,0,0,0,0,0,0,0,0,0,0,0,0,0,0,0,0
20190826,976,1022,2264,501,3125,3572,7024,5603,2181,0,5958,5429,6077,361,6224,0,0,0,0,0,0,0,0,0,0,0,0,0,0,0,0,0,0,0,0,0,0,0,0,0,0,0,0,0,0,0
20190827,1255,1465,2478,694,4677,3953,8166,2902,2646,0,7336,7457,7098,626,8172,0,0,0,0,0,0,0,0,0,0,0,0,0,0,0,0,0,0,0,0,0,0,0,0,0,0,0,0,0,0,0
20190828,1226,1547,2580,767,4603,4248,8744,7234,2853,0,7559,7746,7443,31,8133,0,0,0,0,0,0,0,0,0,0,0,0,0,0,0,0,0,0,0,0,0,0,0,0,0,0,0,0,0,0,0
20190829,1351,1536,2568,755,4657,4074,8399,6973,3244,0,7521,7789,7421,32,8468,0,0,0,0,0,0,0,0,0,0,0,0,0,0,0,0,0,0,0,0,0,0,0,0,0,0,0,0,0,0,0
20190830,1585,1663,3081,841,4969,4493,9347,6645,3836,0,7853,8503,7940,0,8585,0,0,0,0,0,0,0,0,0,0,0,0,0,0,0,0,0,0,0,0,0,0,0,0,0,0,0,0,0,0,0
20190831,1424,1406,2974,721,4079,4187,9125,5993,4151,0,7746,7234,7268,0,7501,0,0,0,0,0,0,0,0,0,0,0,0,0,0,0,0,0,0,0,0,0,0,0,0,0,0,0,0,0,0,0
20190901,1363,1263,2747,569,3545,3915,8469,6479,3866,0,6721,6546,6261,0,6764,0,0,0,0,0,0,0,0,0,0,0,0,0,0,0,0,0,0,0,0,0,0,0,0,0,0,0,0,0,0,0
20190902,1435,1826,3051,839,4512,3868,8471,6716,3735,0,7668,7577,7975,0,8261,0,0,0,0,0,0,0,0,0,0,0,0,0,0,0,0,0,0,0,0,0,0,0,0,0,0,0,0,0,0,0
20190903,1474,1743,3182,819,4499,3864,8611,6858,4030,1,7988,7893,7994,0,8030,0,0,0,0,0,0,0,0,0,0,0,0,0,0,0,0,0,0,0,0,0,0,0,0,0,0,0,0,0,0,0
20190904,1445,1959,3316,880,4551,4042,8785,7322,4340,0,8087,8261,7817,0,8309,0,0,0,0,0,0,0,0,0,0,0,0,0,0,0,0,0,0,0,0,0,0,0,0,0,0,0,0,0,0,0
20190905,1434,1819,3246,820,4170,4035,8794,6577,4283,0,8103,8106,8012,0,8249,0,0,0,0,0,0,0,0,0,0,0,0,0,0,0,0,0,0,0,0,0,0,0,0,0,0,0,0,0,0,0
20190906,1593,1952,3622,872,4396,4482,9544,6801,5043,0,6744,8584,8454,0,8573,0,0,0,0,0,0,0,0,0,0,0,0,0,0,0,0,0,0,0,0,0,0,0,0,0,0,0,0,0,0,0
20190907,1576,1635,3554,645,4368,4322,9668,7464,4862,0,5782,7865,8001,0,7889,0,0,0,0,0,0,0,0,0,0,0,0,0,0,0,0,0,0,0,0,0,0,0,0,0,0,0,0,0,0,0
20190908,1430,1384,3027,558,3413,3974,8299,5909,3534,0,5207,6698,6311,0,6742,0,0,0,0,0,0,0,0,0,0,0,0,0,0,0,0,0,0,0,0,0,0,0,0,0,0,0,0,0,0,0
20190909,1426,1990,3226,910,4931,4146,9032,5303,3420,0,7896,7842,7669,0,7964,0,0,0,0,0,0,0,0,0,0,0,0,0,0,0,0,0,0,0,0,0,0,0,0,0,0,0,0,0,0,0
20190910,721,1300,1913,777,2659,2228,4937,4028,2093,0,4397,4628,5195,0,4974,0,0,0,0,0,0,0,0,0,0,0,0,0,0,0,0,0,0,0,0,0,0,0,0,0,0,0,0,0,0,0
20190911,1357,1758,3012,719,4487,3735,8522,6544,4280,0,7443,7113,6518,0,7122,4388,3066,2837,4767,1,0,0,0,0,0,0,0,0,0,0,0,0,0,0,0,0,0,0,0,0,0,0,0,0,0,0
20190912,1580,2020,3510,1752,4785,4203,9145,7382,3656,0,8311,7835,7583,0,7931,5989,4176,5024,7095,0,0,0,0,0,0,0,0,0,0,0,0,0,0,0,0,0,0,0,0,0,0,0,0,0,0,0
20190913,1668,2106,3679,878,5116,4470,9791,7211,3640,1,8749,8452,8450,0,8188,5917,4387,5227,7238,1,0,0,0,0,0,0,0,0,0,0,0,0,0,0,0,0,0,0,0,0,0,0,0,0,0,0
20190914,1696,1741,3627,699,4926,4321,9831,7155,4998,0,8601,7913,7846,0,7644,7170,4948,3716,3244,0,0,0,0,0,0,0,0,0,0,0,0,0,0,0,0,0,0,0,0,0,0,0,0,0,0,0
20190915,1480,1396,3125,661,4140,3931,8784,5718,4511,0,7339,6904,6731,0,6603,5229,3721,2843,2824,0,0,0,0,0,0,0,0,0,0,0,0,0,0,0,0,0,0,0,0,0,0,0,0,0,0,0
20190916,1453,2034,3362,856,4431,4029,8857,6734,3642,0,7797,7826,7477,0,7949,5385,4137,4726,6720,0,0,0,0,0,0,0,0,0,0,0,0,0,0,0,0,0,0,0,0,0,0,0,0,0,0,0
20190917,1401,1877,3474,987,4335,3876,9091,7325,3161,0,7797,7908,7807,0,7996,4098,3994,5062,6865,2,0,0,0,0,0,0,0,0,0,0,0,0,0,0,0,0,0,0,0,0,0,0,0,0,0,0
20190918,1492,2135,3533,983,4373,4143,9332,6772,4808,0,8211,8010,7968,16,7905,5536,4098,4801,6914,0,0,0,0,0,0,0,0,0,0,0,0,0,0,0,0,0,0,0,0,0,0,0,0,0,0,0
20190919,1556,2021,3527,888,4408,4205,9312,6680,4826,0,8243,7948,8012,0,7925,5549,4090,4811,6937,0,0,0,0,0,0,0,0,0,0,0,0,0,0,0,0,0,0,0,0,0,0,0,0,0,0,0
20190920,1871,2095,3787,942,4981,4531,10188,7158,5508,0,8700,8542,8593,0,8312,5737,4387,5282,7538,0,0,0,0,0,0,0,0,0,0,0,0,0,0,0,0,0,0,0,0,0,0,0,0,0,0,0
20190921,1731,1800,3667,728,4862,4195,10455,6631,5280,0,9189,8147,7878,0,7630,6461,4505,4240,4766,0,0,0,0,0,0,0,0,0,0,0,0,0,0,0,0,0,0,0,0,0,0,0,0,0,0,0
20190922,1559,1482,3141,491,4257,4064,9381,5717,4714,0,7898,7219,6044,0,6538,5378,3508,3365,3819,0,0,0,0,0,0,0,0,0,0,0,0,0,0,0,0,0,0,0,0,0,0,0,0,0,0,0
20190923,1525,1903,3316,815,4781,4014,9001,6830,4574,0,7712,7720,7240,0,7767,5068,3797,4616,6530,0,0,0,0,0,0,0,0,0,0,0,0,0,0,0,0,0,0,0,0,0,0,0,0,0,0,0
20190924,1542,2174,3669,949,5110,4315,9527,7516,4928,0,8232,8409,7548,0,8155,5424,4114,4789,7186,1,0,0,0,0,0,0,0,0,0,0,0,0,0,0,0,0,0,0,0,0,0,0,0,0,0,0
20190925,1626,2048,3510,972,4900,4259,9494,7294,4278,0,8444,8486,7742,0,8114,5608,4111,4841,7097,0,0,0,0,0,0,0,0,0,0,0,0,0,0,0,0,0,0,0,0,0,0,0,0,0,0,0
20190926,1646,2055,3658,1092,5014,4403,9650,7340,3750,0,8347,8188,7589,0,8151,5599,4139,4830,6868,0,0,0,0,0,0,0,0,0,0,0,0,0,0,0,0,0,0,0,0,0,0,0,0,0,0,0
20190927,1749,2226,4115,929,5380,4878,9920,7753,5504,0,8539,8838,7864,0,8534,5621,4347,5203,7319,0,0,0,0,0,0,0,0,0,0,0,0,0,0,0,0,0,0,0,0,0,0,0,0,0,0,0
20190928,1899,1962,3829,612,5216,4660,10745,7431,5902,0,8698,8803,8114,0,7976,5408,3972,5019,6658,0,0,0,0,0,0,0,0,0,0,0,0,0,0,0,0,0,0,0,0,0,0,0,0,0,0,0
20190929,1495,1578,3113,607,4224,3416,9084,6226,4857,0,6829,7312,6353,0,6710,3006,2996,745,5645,0,0,0,0,0,0,0,0,0,0,0,0,0,0,0,0,0,0,0,0,0,0,0,0,0,0,0
20190930,1744,2205,3487,883,4912,4302,9158,7014,5317,0,7940,8089,7754,0,7734,4679,3542,1326,6410,0,0,0,0,0,0,0,0,0,0,0,0,0,0,0,0,0,0,0,0,0,0,0,0,0,0,0
20191001,1692,2322,3598,919,4985,4346,9140,7342,5312,0,8286,8422,7876,0,7726,5130,4068,1551,7148,0,0,0,0,0,0,0,0,0,0,0,0,0,0,0,0,0,0,0,0,0,0,0,0,0,0,0
20191002,1702,2147,3506,882,4823,4048,9504,8262,5062,1,8432,8139,8145,0,8037,5281,4261,1047,7232,0,0,0,0,0,0,0,0,0,0,0,0,0,0,0,0,0,0,0,0,0,0,0,0,0,0,0
20191003,1687,2184,3576,876,5114,4349,9494,7607,5123,0,8635,8657,7923,0,8238,5715,4118,1228,7171,2,0,0,0,0,0,0,0,0,0,0,0,0,0,0,0,0,0,0,0,0,0,0,0,0,0,0
20191004,1801,2308,3811,889,5302,4682,10022,7728,5702,0,8691,8922,8310,0,8402,5625,4260,1407,7351,0,0,0,0,0,0,0,0,0,0,0,0,0,0,0,0,0,0,0,0,0,0,0,0,0,0,0
20191005,1855,1987,3802,777,5353,4468,10510,7422,5524,0,8634,8687,8553,0,7806,3284,3717,694,7476,1,0,0,0,0,0,0,0,0,0,0,0,0,0,0,0,0,0,0,0,0,0,0,0,0,0,0
20191006,1850,1590,3260,528,4499,4144,9612,6243,5093,0,6870,7568,6967,0,6596,2501,2738,1002,5385,0,0,0,0,0,0,0,0,0,0,0,0,0,0,0,0,0,0,0,0,0,0,0,0,0,0,0
20191007,1702,2010,3425,834,4751,3976,8963,7502,4975,0,8252,8013,7433,0,7907,5095,3947,1864,6929,0,0,0,0,0,0,0,0,0,0,0,0,0,0,0,0,0,0,0,0,0,0,0,0,0,0,0
20191008,1669,2168,3432,906,4958,3906,8872,7557,4860,0,8164,8399,7491,0,8121,5313,4138,2474,7063,0,0,0,0,0,0,0,0,0,0,0,0,0,0,0,0,0,0,0,0,0,0,0,0,0,0,0
20191009,1597,2208,3514,929,4881,4093,9284,7600,5043,0,8668,8110,7491,0,8045,5694,4285,4971,7008,1,0,0,0,0,0,0,0,0,0,0,0,0,0,0,0,0,0,0,0,0,0,0,0,0,0,0
20191010,1664,2113,3677,905,4983,4150,9362,7514,5033,0,8576,8210,7551,0,8106,5879,4347,4943,7041,8,0,0,0,0,0,0,0,0,0,0,0,0,0,0,0,0,0,0,0,0,0,0,0,0,0,0
20191011,1902,2289,3933,921,5392,4821,10086,8002,6056,0,9218,9072,7991,0,8470,5381,3904,5393,7313,0,0,0,0,0,0,0,0,0,0,0,0,0,0,0,0,0,0,0,0,0,0,0,0,0,0,0
20191012,1913,1966,3921,732,5427,4270,10704,7554,6086,0,8991,8890,7895,0,7801,5303,4112,4835,6721,0,0,0,0,0,0,0,0,0,0,0,0,0,0,0,0,0,0,0,0,0,0,0,0,0,0,0
20191013,1994,1627,3348,516,4334,4028,9325,5711,5148,0,7422,7313,6335,0,6693,4637,3400,3793,5398,0,0,0,0,0,0,0,0,0,0,0,0,0,0,0,0,0,0,0,0,0,0,0,0,0,0,0
20191014,1729,2182,3443,763,4927,4182,8869,7139,5191,0,7901,8336,6943,0,7878,5003,3933,4794,6838,0,0,0,0,0,0,0,0,0,0,0,0,0,0,0,0,0,0,0,0,0,0,0,0,0,0,0
20191015,1765,2092,3695,870,4899,4258,8949,7043,5103,0,8249,8654,7493,0,8160,5442,4099,4864,6764,0,0,0,0,0,0,0,0,0,0,0,0,0,0,0,0,0,0,0,0,0,0,0,0,0,0,0
20191016,1737,2251,3613,817,5020,4418,9123,7462,5419,1,8300,8670,8183,0,8436,5496,4249,4836,6967,1,0,0,0,0,0,0,0,0,0,0,0,0,0,0,0,0,0,0,0,0,0,0,0,0,0,0
20191017,1568,2242,3683,898,5202,4537,8909,7658,5249,1,8432,8510,7590,0,8209,5523,4079,4793,6779,1,0,0,0,0,0,0,0,0,0,0,0,0,0,0,0,0,0,0,0,0,0,0,0,0,0,0
20191018,1863,2346,3844,931,5322,4785,9747,7537,5827,0,8670,8746,7558,0,8547,5270,3995,4853,6895,1,0,0,0,0,0,0,0,0,0,0,0,0,0,0,0,0,0,0,0,0,0,0,0,0,0,0
20191019,1659,1736,3533,566,4728,4242,9792,6825,5269,0,8079,8008,7672,0,7387,5112,3752,3775,4905,0,0,0,0,0,0,0,0,0,0,0,0,0,0,0,0,0,0,0,0,0,0,0,0,0,0,0
20191020,1623,1465,3148,427,3912,3758,9148,5400,4746,0,7047,6668,6287,0,6261,4419,3454,3129,3907,0,0,0,0,0,0,0,0,0,0,0,0,0,0,0,0,0,0,0,0,0,0,0,0,0,0,0
20191021,1706,1750,3144,677,4632,3945,8659,6697,4644,0,7780,7562,7254,0,7530,5178,3610,4339,5940,1,0,0,0,0,0,0,0,0,0,0,0,0,0,0,0,0,0,0,0,0,0,0,0,0,0,0
20191022,1581,1725,3266,649,4776,3859,8980,6761,4684,1,8202,7687,7841,141,7796,5453,3971,4499,6059,0,0,0,0,0,0,0,0,0,0,0,0,0,0,0,0,0,0,0,0,0,0,0,0,0,0,0
20191023,1668,1967,3608,576,4027,3878,8853,6862,5177,0,8222,5821,7834,0,8240,5482,3905,4628,6257,0,0,0,0,0,0,0,0,0,0,0,0,0,0,0,0,0,0,0,0,0,0,0,0,0,0,0
20191024,1778,2112,3706,893,4561,4100,8626,7232,5539,0,8838,5749,8253,0,8344,5127,3986,4793,6228,0,0,0,0,0,0,0,0,0,0,0,0,0,0,0,0,0,0,0,0,0,0,0,0,0,0,0
20191025,1909,2155,3936,781,5036,4452,8642,8116,5734,1,8823,6469,8524,0,8372,6088,4221,4872,6474,0,0,0,0,0,0,0,0,0,0,0,0,0,0,0,0,0,0,0,0,0,0,0,0,0,0,0
20191026,1958,1851,3630,1112,5123,4620,9945,6419,5985,0,8725,8306,8012,0,7712,5603,3464,4560,5539,0,0,0,0,0,0,0,0,0,0,0,0,0,0,0,0,0,0,0,0,0,0,0,0,0,0,0
20191027,1936,1578,3275,929,4103,4234,9427,6002,5319,1,7451,6889,6466,0,6650,4771,3079,3826,5162,0,0,0,0,0,0,0,0,0,0,0,0,0,0,0,0,0,0,0,0,0,0,0,0,0,0,0
20191028,1669,2012,3377,751,4830,4016,8951,7289,4826,2,7810,7862,7405,0,8118,5488,4007,4611,6521,0,0,0,0,0,0,0,0,0,0,0,0,0,0,0,0,0,0,0,0,0,0,0,0,0,0,0
20191029,1621,2140,3618,819,4983,3974,8917,7613,5046,0,7755,8048,7603,0,8354,5161,4318,4850,6598,1,0,0,0,0,0,0,0,0,0,0,0,0,0,0,0,0,0,0,0,0,0,0,0,0,0,0
20191030,1628,2216,3520,927,4981,4040,9391,7144,5168,0,8542,8249,8123,0,8332,5841,4382,4888,7010,0,0,0,0,0,0,0,0,0,0,0,0,0,0,0,0,0,0,0,0,0,0,0,0,0,0,0
20191031,1666,2380,3745,915,5001,4178,9216,7609,5431,0,8097,8438,7746,2,8364,5788,4026,4840,6970,1,0,0,0,0,0,0,0,0,0,0,0,0,0,0,0,0,0,0,0,0,0,0,0,0,0,0
20191101,1989,2492,4029,1059,5487,4820,9739,8394,6218,0,8752,9323,8380,0,8786,1791,2861,4460,6729,1530,2570,3078,3166,2373,454,1282,1221,0,0,0,0,0,0,0,0,0,0,0,0,0,0,0,0,0,0,0
20191102,1903,1964,3695,744,4985,4442,10402,7259,5762,0,8383,8674,8474,0,7634,2,3226,4859,6824,4595,17,4154,2321,3095,862,1363,2296,0,0,0,0,0,0,0,0,0,0,0,0,0,0,0,0,0,0,0
20191103,1646,1448,2959,800,3775,3909,8133,5151,4490,1,6209,6713,6390,0,5736,1,2545,3400,4715,3249,2042,3302,4039,2601,762,1006,1862,0,0,0,0,0,0,0,0,0,0,0,0,0,0,0,0,0,0,0
20191104,1730,2395,3345,1127,4333,3987,9095,7787,4850,0,8175,7850,8221,0,8040,3448,3565,4449,6671,1634,5108,4933,5444,3628,1202,1766,2908,0,0,0,0,0,0,0,0,0,0,0,0,0,0,0,0,0,0,0
20191105,1583,2211,3165,965,4630,4001,8847,6444,4956,0,8507,8403,8967,0,8101,5291,3109,4930,7245,0,3184,4693,4745,3708,1213,1564,2864,0,0,0,0,0,0,0,0,0,0,0,0,0,0,0,0,0,0,0
20191106,1738,2338,3379,949,4583,4266,9526,6332,5219,0,8603,8022,8764,0,8559,5739,3263,4784,7180,0,1103,4888,5172,4124,890,1737,3052,0,0,0,0,0,0,0,0,0,0,0,0,0,0,0,0,0,0,0
20191107,1765,2468,3354,893,4721,4410,9433,6216,5374,0,8752,8338,8428,0,8476,5860,3802,5075,7189,1,5405,5279,19,3891,1294,1888,3007,0,0,0,0,0,0,0,0,0,0,0,0,0,0,0,0,0,0,0
20191108,1970,2363,3704,974,5232,4746,9574,7130,6000,0,8631,8794,8065,0,8492,5390,3324,1239,5956,0,4076,5181,0,3752,1239,1568,3263,0,0,0,0,0,0,0,0,0,0,0,0,0,0,0,0,0,0,0
20191109,1405,2058,3903,867,5371,4618,10671,7523,6127,0,9256,8968,8253,0,8000,5420,3238,0,6167,0,4086,4490,0,3451,683,1122,2261,0,0,0,0,0,0,0,0,0,0,0,0,0,0,0,0,0,0,0
20191110,1998,1738,3428,678,4310,3693,9315,5763,5456,0,7713,7075,6793,0,6659,4452,2915,0,4880,0,3170,3958,51,2833,495,1016,1914,0,0,0,0,0,0,0,0,0,0,0,0,0,0,0,0,0,0,0
20191111,1709,2066,3506,1032,4805,4133,8928,7380,5028,0,8070,8182,7535,0,8025,4852,3189,3058,6543,3,3264,4874,5331,3685,1067,1445,2809,0,0,0,0,0,0,0,0,0,0,0,0,0,0,0,0,0,0,0
20191112,1710,2165,3557,978,4901,4160,8954,6606,5173,0,8067,8269,7411,0,8308,5231,3345,4714,6686,1,4682,4836,5300,13,1128,1331,2625,0,0,0,0,0,0,0,0,0,0,0,0,0,0,0,0,0,0,0
20191113,1711,2200,3564,943,4866,4115,9202,7363,5194,0,8448,8095,7684,0,8176,5427,42,4645,6811,2,4635,4932,4826,2431,1022,1544,2739,0,0,0,0,0,0,0,0,0,0,0,0,0,0,0,0,0,0,0
20191114,1849,2409,3552,1144,5208,4831,9497,7794,5602,0,8891,9069,7594,0,8458,5416,3141,4876,6800,0,5032,4925,5762,3790,1243,1509,2849,0,0,0,0,1,0,1,1,2,0,0,0,0,0,0,0,0,0,0
20191115,2040,2312,3894,969,5369,4842,9779,8100,6019,0,8747,9297,8157,0,8592,5452,3156,4891,6724,0,4998,4903,4504,3768,1230,1296,2364,0,0,0,0,0,1,3,4,0,0,3,1,0,1,0,0,0,0,0
20191116,1809,1972,3714,644,5102,4622,10392,5765,5590,0,8467,8617,7974,0,7824,795,3729,4629,5852,3,4602,4304,5471,2450,824,1314,1987,0,0,0,0,0,0,7,4,1,0,4,1,0,0,0,0,0,0,0
20191117,1853,1509,3230,405,4150,4371,9373,5241,5065,0,7395,7545,6471,0,6464,4374,3055,3703,4393,1,4010,3817,4860,2389,1310,1062,1832,0,0,0,0,0,0,0,0,2,0,0,6,0,0,0,0,0,0,0
20191118,1666,2178,3470,935,4635,3945,9322,7734,4749,0,7790,7807,7257,0,7448,4928,3414,4448,6545,0,4751,4731,5415,3637,1847,1353,2659,0,2,1,0,0,0,2,1,1,1,2,2,0,1,0,0,0,0,0
20191119,1549,2042,3560,919,4797,3996,9142,7737,4841,0,8105,8008,6929,0,7914,5287,3371,4897,6766,0,5220,4979,5851,3734,2012,1501,2751,0,1,2,0,2,0,1,2,1,0,2,4,0,0,0,0,0,0,0
20191120,1546,2141,3552,1027,4901,4163,9716,8149,5140,1,8108,8358,7447,0,7836,5362,3534,4900,6797,2,5219,5034,3933,3689,1845,1513,2613,0,0,0,0,1,0,2,1,0,0,1,0,1,1,0,1,0,1,0
20191121,1725,2151,3728,1030,4892,4510,9381,7360,5191,0,8362,8498,8765,0,8012,5619,3436,4929,6827,1,5429,5081,6221,3705,1984,1527,2647,0,0,0,0,0,0,591,4,1,0,0,4,0,0,0,6,2,1,0
20191122,1918,2242,2984,938,5224,4810,9710,8208,5825,0,8861,9024,8964,0,8536,5578,3606,5107,6948,0,5285,5162,5794,4106,1968,1543,2672,0,1,0,0,0,0,2,9,0,0,2,1,0,0,0,2,0,1,0
20191123,1894,1902,3746,667,5158,4468,10442,7495,5689,0,8902,8795,8169,0,7626,5450,3476,4477,6217,0,4362,4538,4858,3644,1594,1216,2064,0,0,0,0,1,0,61,4,0,0,3,3,0,0,0,0,0,0,0
20191124,1711,1574,3820,626,4416,4356,7170,5796,5095,0,7215,7668,6688,0,6774,4291,3346,3507,5085,1,3164,3855,4986,3255,1392,1105,1949,0,0,0,0,0,0,3,2,0,0,0,0,0,0,0,0,0,0,0
20191125,1707,1995,3468,925,4767,3948,9063,7400,4964,0,8489,8386,7643,0,7799,5330,2851,4770,6810,1,3379,5009,5846,2783,1876,1404,2590,0,0,0,1,1,0,2,0,4,0,1,0,0,1,0,0,2,1,1
20191126,1654,2113,3623,950,4900,4149,9301,7710,5080,1,8754,8500,7984,0,8011,5258,2973,5040,6673,1,4514,5071,5965,3227,1850,1366,2644,0,0,1,0,2,0,1,1,2,0,0,1,0,0,1,0,0,0,1
20191127,1598,2092,3281,861,4755,4656,9405,7819,5010,1,8271,8207,7868,0,7700,5297,3154,4965,6883,1,4492,5040,5802,4078,1766,1221,2563,0,1,0,1,1,0,3,4,1,1,0,2,1,4,0,0,0,2,2
20191128,1833,2284,3780,934,5173,4658,9816,7985,5406,1,8704,9075,8438,0,8248,5394,2980,5295,6709,2,2751,4940,5897,4061,1663,1261,2307,0,0,1,0,1,0,0,0,4,0,3,0,0,0,0,11,0,1,2
20191129,1851,2319,4066,1029,5303,4881,10451,8330,5551,0,9175,8811,9172,0,8279,5467,3575,5267,7017,2,3345,5155,6439,4357,1569,1345,2465,0,1,0,0,0,0,29,6,0,0,0,2,0,1,0,0,0,0,0
20191130,1726,1952,3813,728,5319,4600,10243,7715,5417,0,8634,8551,8018,0,7742,4941,3257,111,6016,0,45,4403,5686,3858,1266,1121,2064,0,0,0,0,0,1,0,0,8,0,1,0,0,0,0,0,0,1,0
20191201,1769,1649,3490,531,4454,4385,9375,6429,5137,0,7542,7673,7270,0,6748,4280,2918,3575,4795,0,3947,3971,5076,3120,1210,866,1676,0,0,0,0,0,0,0,3,1,0,0,0,0,0,0,0,0,0,1
20191202,1749,2064,3598,857,4938,4084,9428,7619,4896,0,8257,7942,7727,0,7899,4843,3217,4599,6605,1,4681,4906,5728,4203,1503,901,2302,0,2,0,0,0,0,3,4,1,0,1,5,0,1,0,0,1,0,0
20191203,1600,2249,3693,847,4893,4256,9260,7405,5000,0,8663,8438,7543,0,8226,5518,2819,4953,7002,7,3,4840,6006,4496,1546,1375,2619,0,1,0,1,1,0,0,0,0,0,2,0,1,0,0,0,1,0,0
20191204,1713,2341,3704,961,5010,4229,9552,7711,5103,0,8878,8617,8189,0,7788,5564,3205,4772,7034,1,4155,5252,5262,4208,1536,1400,2583,0,1,0,0,0,0,3,3,0,0,0,0,0,0,0,1,1,0,0
20191205,1887,2316,2247,913,4854,4592,9723,7633,5398,1,9043,8882,8275,0,8165,5892,3207,5225,7237,0,4623,5347,5691,4117,1585,1306,2808,0,16,0,1,3,0,1,2,0,0,3,0,0,0,0,4,1,0,0
20191206,1909,2476,4054,1019,5399,4978,10448,8430,6110,2,9210,9243,8482,0,8246,5551,3149,5562,6693,0,4653,4482,3058,4305,1371,1264,2155,0,1,0,4,1,0,578,7,0,0,2,2,1,0,0,0,0,0,0
20191207,1052,2137,3291,903,6100,5383,9368,6285,3060,0,9021,9645,8245,0,8106,5086,3668,5401,6228,1,4757,4512,6016,1366,1220,1180,1995,0,1,0,0,0,0,544,2,0,0,0,4,0,0,0,0,0,0,0
20191208,1701,1614,3475,528,4590,4322,9517,4393,5129,0,7729,7720,6757,0,6876,4403,3066,4045,4738,0,3682,3552,4843,3394,1147,945,1812,0,1,0,0,0,0,8,1,1,0,1,2,0,0,0,0,0,0,0
20191209,1828,2195,3576,956,4788,4174,9051,7815,5093,0,8430,7942,8065,0,8023,5341,3431,4962,6718,0,5029,4789,5749,4302,1611,1291,2683,0,0,0,2,1,0,0,3,2,0,1,1,0,1,2,1,0,0,2
20191210,1885,2232,3717,973,4884,4561,9385,7886,5350,0,8920,8221,7694,0,7805,5275,3162,5005,6572,0,4098,4737,5519,4243,1193,695,2371,0,1,2,1,2,2,4,9,1,0,2,1,0,0,1,1,0,0,0
20191211,2027,2312,4097,1642,5242,4400,9774,7949,5515,2,8735,8802,8526,0,8321,5451,3181,5064,7180,2,4374,5181,6181,4543,1410,1266,2478,0,1,0,1,0,1,32,18,1,1,0,0,0,1,1,0,1,2,0
20191212,2081,2439,4019,2143,5259,4848,10110,8023,5795,0,9052,9379,8791,0,8217,5414,3047,5708,6785,0,5173,4501,5140,4589,1386,1312,2328,0,3,1,0,1,0,0,23,0,2,1,3,2,1,1,2,0,0,0
20191213,1651,1796,3448,893,4270,4184,8539,6298,4963,0,7409,7509,7246,0,6652,4457,3062,4936,5493,2,4185,3556,4798,3487,1127,944,1902,0,0,3,0,0,0,249,1,2,1,0,1,0,0,1,0,1,1,2
20191214,1971,1911,4020,798,5134,4617,11062,6818,5620,0,9088,8798,9447,0,7733,4948,3799,5154,6212,1,4412,3853,5556,3973,1064,1000,1957,1,0,0,0,0,0,5,2,0,0,0,2,0,0,0,0,0,0,0
20191215,1806,1553,3444,874,4197,3980,9548,5942,4937,0,7657,7185,7887,0,6531,4037,2786,3934,4955,2,3461,3326,4372,3159,918,864,1807,0,0,0,0,0,0,4,3,0,0,0,0,1,0,0,0,0,0,0
20191216,1711,2044,3569,1018,4839,4248,9134,7979,4694,0,7969,8338,8047,0,8109,4905,3114,5156,6834,1,5008,4611,5709,4021,1589,1011,2419,0,0,0,0,0,0,2,39,0,1,0,0,0,0,0,2,2,1,1
20191217,1693,2233,3622,994,5010,4232,9371,8580,5296,2,8594,8505,8022,0,8374,5170,2999,4945,6661,8,5623,4389,5404,4443,1417,1134,2356,0,0,0,0,1,0,0,19,1,0,2,1,0,1,1,0,0,0,1
20191218,1686,2044,3751,890,5025,4188,9682,7878,5068,0,8791,8620,8243,0,7884,5416,2963,4859,6735,1,4846,4428,4968,4274,1403,978,2373,0,1,0,0,0,0,0,0,3,0,0,2,0,0,0,0,0,0,0
20191219,1834,1956,3791,1000,5479,4431,10084,8788,5335,0,9123,9133,8588,0,8365,5800,3086,5326,6894,1,4589,4430,4506,4323,1367,1125,2188,0,2,0,1,0,0,1,8,0,0,0,1,0,1,3,1,0,0,1
20191220,2002,2251,4272,988,5819,4922,10545,8542,5905,1,9869,9666,8397,0,8285,5391,3080,5399,6539,1,4891,4044,5625,4571,1234,1303,1982,0,2,0,2,0,0,0,7,0,0,4,0,1,0,0,0,0,0,2
20191221,1735,1679,3761,758,4856,4136,10017,7713,5274,1,8314,7739,7738,0,7354,4733,2861,4059,5277,2,582,3439,4948,4005,894,1076,1348,0,1,0,2,0,0,0,0,1,0,0,3,0,0,0,0,0,1,0
20191222,1549,1524,3389,596,4086,3520,8845,6329,4590,0,7162,7005,6467,0,6398,4075,2677,3383,4352,0,3583,2957,4663,3310,944,1001,1332,0,0,0,2,0,0,2,1,0,0,0,1,0,0,0,0,0,0,0
20191223,1570,1893,3860,922,5099,3687,9692,8407,4594,1,7972,7780,8391,0,8060,4765,3251,4284,5971,2,4725,3974,5704,4631,1149,1007,1808,2,0,0,0,1,0,0,2,0,0,0,0,0,0,1,1,0,0,0
20191224,1303,1551,3439,613,4005,3034,8409,6451,4142,0,7196,6506,6600,0,6995,4077,2611,3560,4743,0,3216,3394,4624,3981,1098,1051,1748,0,1,0,0,0,0,0,0,1,0,0,0,0,0,0,0,0,0,0
20191225,372,900,1698,196,1591,594,3675,1928,2169,0,3436,2596,1869,0,2964,1787,1349,1575,2199,3,1379,1699,1948,1810,616,655,848,0,1,0,0,0,0,0,2,2,0,0,0,0,0,0,0,0,0,1
20191226,424,928,2177,270,2279,870,6383,3668,2713,0,4961,4224,4652,0,4279,2456,1645,1988,2502,0,2462,1982,3068,2480,570,623,931,0,0,0,0,0,0,0,0,0,0,0,0,0,0,0,0,0,1,0
20191227,1396,1341,3288,550,3856,3404,8506,5522,3931,0,6690,6623,6820,0,6455,3886,2494,3400,3867,0,3626,3078,4826,3883,1090,801,1369,0,0,0,1,0,0,0,1,0,0,0,0,0,0,0,0,0,0,0
20191228,1318,1241,3120,408,3583,3168,8218,5561,3806,0,6496,6071,6718,0,5906,3635,2498,2993,3873,0,2742,2660,4228,3296,861,749,1262,0,0,0,0,0,0,0,0,2,0,0,2,0,0,0,0,0,1,0
20191229,1294,1140,2922,346,3340,3005,7995,4713,3785,0,6194,5703,6138,0,5638,3607,2436,2744,3488,0,16,2597,4174,3054,930,907,1288,0,0,0,1,0,0,0,0,0,0,0,0,0,0,0,0,0,0,0
20191230,1299,1438,3155,593,4088,3016,8053,6674,3852,0,6723,6178,6913,0,6753,3778,2490,3283,4280,1,3181,3189,4360,3821,902,928,1467,0,0,0,1,1,0,0,16,7,0,0,0,1,0,0,0,0,0,0
20191231,1398,1455,3208,501,3975,3115,8109,6157,4264,0,6696,6252,6679,0,6936,4040,2763,3407,4168,0,3866,3077,4394,241,1274,1147,1585,0,2,0,0,0,0,0,1,0,0,0,0,1,0,0,0,0,0,0
20200101,1357,1014,2557,670,2590,2835,6325,3666,3406,0,5191,4509,4727,0,4734,2832,2020,2220,2793,0,2465,2001,3118,2527,836,767,1108,2,1,0,0,0,0,1,1,0,0,23,1,0,0,0,0,0,0,0
20200102,1339,1455,3112,1175,4166,2969,8096,6163,3661,0,6854,6332,7019,0,7029,4501,2864,3798,4954,0,3604,3279,4462,4147,1216,931,1706,0,1,0,0,1,0,1,6,3,0,0,1,0,0,0,0,0,0,0
20200103,1541,1698,3542,672,4647,3308,8790,6951,4347,1,7547,7417,7205,0,7450,4587,2890,4242,5187,1,4146,3579,4910,3919,1458,1036,1564,0,1,0,1,0,0,3,78,0,0,0,0,0,2,1,0,0,1,0
20200104,1391,1463,3301,425,4255,3365,8783,6222,4052,0,7563,6773,6949,0,6785,4491,3075,3401,4670,0,4168,3370,4792,3657,1256,1048,1689,0,0,0,4,0,0,1,0,0,2,0,0,0,0,2,0,0,0,0
20200105,1470,1331,2972,240,3636,3366,8200,5371,3964,0,6779,6283,5899,0,6166,3988,2651,3165,3928,0,4004,3201,4480,3259,1192,945,1512,0,0,0,0,0,0,3,7,0,0,0,8,0,0,0,1,0,0,0
20200106,1495,1856,3321,764,4496,2874,8334,6747,4121,0,7759,7370,6810,0,7552,4940,3095,4483,5917,0,4404,4315,5159,3910,1747,1316,2361,0,1,2,0,1,0,4,22,0,0,0,1,0,0,1,2,0,1,3
20200107,1516,1800,3457,828,3948,0,8615,6791,4356,1,6564,7316,7040,0,8022,4640,2748,4703,6165,3,4455,4141,5482,4037,1881,1341,2252,0,3,0,0,1,0,1,20,2,0,1,1,0,1,0,3,0,0,0
20200108,1497,1892,3599,875,4120,0,8895,7233,4525,4,6325,7875,7489,0,7900,4477,2909,4862,6368,0,4177,4550,5731,3812,1874,963,2446,0,2,0,0,0,1,5,10,2,0,0,1,0,0,2,0,0,2,0
20200109,1638,1908,3597,783,4727,0,8971,7310,4873,1,6299,8139,7206,0,8074,4324,2280,5024,5924,3,4631,4223,5538,3683,1844,1151,2100,0,0,0,0,1,0,0,0,0,0,2,1,3,1,0,3,0,1,0
20200110,1551,2140,3846,775,4819,0,9239,7721,4818,0,6637,8424,7719,0,8232,4573,2996,4815,6344,1,4409,4596,5507,3768,1946,1507,2360,0,0,0,0,0,0,2,13,1,0,0,0,0,0,2,2,0,0,0
20200111,1643,1876,3647,603,4900,0,9846,7033,5043,1,8083,8425,7420,0,7713,4934,3249,4370,5538,0,4089,4513,5919,3435,1592,1338,2171,0,0,1,0,0,0,0,10,0,0,0,1,0,1,0,2,0,0,0
20200112,1467,1406,3287,535,3965,0,8813,5761,4581,0,6800,6924,6171,0,6194,3997,2543,3586,4204,0,22,3425,4760,3082,1295,1077,1662,0,0,0,0,0,0,0,0,0,0,0,1,0,0,0,0,0,0,0
20200113,1754,2107,3532,801,4683,0,9231,7519,4851,1,8168,8265,6869,0,7770,4811,2543,4681,5774,0,4386,4456,5627,3744,1793,948,2246,0,1,0,0,3,0,0,26,1,0,0,2,2,3,0,2,0,1,0
20200114,1629,1920,3456,1019,4667,0,8799,7661,4700,0,8024,8196,6805,0,7222,4146,2481,4611,5964,0,4604,4410,5194,2455,1661,1209,2116,0,0,1,0,0,0,1,38,1,1,1,1,0,0,0,3,0,0,0
20200115,1625,2137,3622,859,4925,325,9149,7745,5037,2,7898,8529,7385,0,8212,4554,2980,3663,6504,1,4571,4742,5458,3553,1781,1193,2524,0,3,0,1,0,0,2,11,3,0,1,0,0,0,0,0,1,0,8
20200116,1732,2072,3595,909,4852,4086,9508,7570,5020,2,8196,8291,7319,0,8118,4847,2833,4754,6389,3,4477,4758,2583,3837,1798,1243,2315,0,1,0,0,1,1,1,0,3,0,2,2,0,0,0,0,23,1,0
20200117,1794,2242,4056,1011,5182,4370,9701,8335,5452,2,8437,8974,7685,0,8409,4973,3023,4996,6664,1,9,5104,4007,3975,1795,1307,2321,0,0,1,0,1,0,0,0,1,1,2,0,0,0,0,1,0,0,1
20200118,1710,1989,3854,750,5125,4244,10034,7413,5350,2,8508,8498,7800,0,7681,4508,3148,4436,5511,1,4379,4275,5832,3504,1372,1156,2170,1,0,0,0,0,0,2,1,1,0,0,5,1,0,0,0,0,0,2
20200119,1648,1439,3322,528,4069,3866,9007,5904,4843,1,7021,6954,6175,0,6397,3692,2755,3567,4206,0,3654,3383,4756,2961,1239,900,1574,0,0,0,0,0,0,2,1,0,0,0,8,0,1,0,1,0,0,0
20200120,1504,1909,3611,865,4787,3969,8706,7213,4624,3,7843,8055,7374,0,7788,4500,3036,4165,5718,2,4882,4760,5730,3057,1812,674,2501,1,0,1,5,0,0,0,3,0,0,0,1,2,0,0,0,0,0,3
20200121,1570,2032,3543,843,4660,3817,9002,6783,4894,3,8164,8123,7369,0,7931,4824,3184,4558,6494,0,5256,4863,5836,3839,1835,1432,2617,0,1,0,0,1,0,104,5,2,0,1,1,0,0,0,0,0,0,0
20200122,1663,2080,3617,870,4786,4109,9045,7840,5018,3,8104,8376,7503,0,7905,4629,3085,4610,6260,0,5229,4756,5849,3727,1732,1290,2355,0,1,0,0,2,1,3,23,1,0,0,2,2,0,0,1,0,1,0
20200123,1683,2105,3694,957,4822,4193,9223,7639,5034,2,8134,8449,7593,0,7884,4935,3313,4753,6507,1,5203,4900,5950,3742,1937,1401,2590,0,0,0,0,3,0,2,4,0,0,0,1,0,0,1,0,1,1,0
20200124,1802,2104,3957,999,5050,4430,9826,7486,5536,0,8531,8824,8019,0,8395,5326,3380,4890,6814,0,5312,5067,6139,3458,1986,1399,2449,0,2,0,0,1,0,2,14,1,0,0,0,0,1,1,0,0,0,0
20200125,1636,1836,3782,669,5027,4224,10148,7231,5248,2,8731,8497,7674,0,7848,5063,3354,4382,5771,0,3822,4279,5879,3334,1495,1226,2264,0,0,0,0,0,0,0,3,0,0,0,1,0,0,0,0,0,1,0
20200126,1636,1489,3327,508,4159,4160,9264,3826,5045,0,7318,7230,6568,0,6535,4031,2465,3509,4329,1,3749,3452,4466,3037,1295,777,1512,1,0,0,0,0,0,0,3,0,0,0,3,0,0,0,2,0,0,0
20200127,1636,1979,3458,1114,4729,4200,8752,7452,4831,4,8048,8263,7402,0,7791,4854,2620,4714,5961,1,5022,4660,5453,2394,1819,1158,2216,0,0,0,0,2,0,0,5,2,0,3,2,0,0,1,2,0,0,1
20200128,1577,2046,3555,938,4722,4060,8947,7295,4766,2,8351,8108,7626,0,8147,4966,3190,4756,6528,2,5218,4958,6143,3916,1888,1297,2479,0,2,1,0,1,0,3,12,1,1,2,0,0,0,1,1,0,0,0
20200129,1643,2178,3768,965,4798,4182,9266,7297,4850,0,8577,8107,7589,0,7802,5246,3315,4793,6535,42,4956,4926,6024,3875,1841,1282,2476,0,3,0,0,0,0,0,7,0,0,0,2,0,0,0,0,0,0,0
20200130,1735,2073,3676,845,4871,4104,9391,7455,4951,0,8505,8365,7483,0,8013,5267,3034,4863,6518,0,5084,4972,5722,3540,1824,1363,2390,0,0,0,0,3,0,0,7,0,0,0,3,0,0,0,4,0,0,1
20200131,1747,2119,3898,944,5252,4398,9841,7775,5495,0,8731,8951,7866,0,8470,5228,3101,4735,6467,0,5323,5021,6040,3564,1877,1419,2169,0,2,0,0,1,0,4,16,1,0,0,2,0,1,0,0,0,1,0
20200201,1657,1924,3931,3860,5060,4122,9977,7836,5317,0,8821,8584,7809,0,7774,5152,3352,4435,6110,0,4500,4415,6173,2871,1539,1228,2136,1,1,0,0,0,0,2,0,0,0,1,1,0,0,0,0,0,0,1
20200202,1443,1510,3273,2561,4071,3834,9100,6316,4453,1,7261,7232,6323,0,6660,4276,2812,3619,4609,0,4012,3617,4533,3104,1391,989,1647,0,0,0,0,0,0,1,0,1,0,0,0,0,0,0,0,0,0,0
20200203,1510,683,3420,1068,4496,3621,8696,7498,4542,0,7943,7381,7337,0,7803,5022,3299,4337,5991,0,5107,4661,5316,3850,1990,1371,2484,0,1,0,0,0,0,1,1,2,0,1,0,0,0,0,2,0,1,0
20200204,1540,0,3687,954,4756,3797,8882,6779,4928,0,8179,8075,7510,0,8038,4618,3424,4476,6368,0,5514,4888,5609,4080,1975,1421,2671,0,0,0,0,1,1,2,12,0,1,0,3,0,1,1,1,0,0,2
20200205,1551,0,3789,956,4799,3835,8461,6835,4790,2,8572,7892,7964,0,8074,5021,3518,4868,6524,3,5213,4931,5633,3819,2003,1398,2634,0,1,0,1,1,0,2,1,19,0,0,5,0,2,2,2,1,0,1
20200206,1689,0,3815,946,4833,3994,9171,6504,5151,1,8020,8337,7869,0,7948,4336,3275,4098,6437,3,3966,4880,5676,3818,1939,1176,2401,0,1,0,1,1,0,0,0,1,0,1,1,0,3,0,1,0,0,0
20200207,1788,0,3930,972,5245,4439,9780,6902,5611,0,8356,8903,9397,0,8270,4822,3194,4314,6565,3,5121,4961,6031,3892,1878,1431,2495,0,1,0,0,1,0,4,11,2,1,1,2,0,0,0,3,1,0,1
20200208,1675,0,3802,737,4987,4115,9890,6488,5449,1,8258,8718,10536,0,7705,4553,3316,4294,5548,1,4581,4479,6037,3486,1563,1388,2133,0,0,0,0,0,0,5,0,0,0,0,1,0,0,0,0,0,0,0
20200209,1562,0,3181,819,4031,3563,8795,3140,4619,0,6832,7404,9051,0,6059,3287,2412,3153,3634,0,3444,2880,4727,2430,1061,883,1330,0,0,0,0,0,0,4,1,1,0,0,2,0,0,0,0,0,0,0
20200210,1700,0,3676,960,4996,4113,8963,7093,4761,1,8354,8822,11699,0,7957,4699,3186,3364,5770,0,5151,5181,5909,2818,1716,1241,2729,0,2,0,1,1,0,0,1,1,0,0,1,0,2,0,3,1,0,1
20200211,1652,9,3654,967,5000,3918,9111,6758,5135,0,8656,8530,11830,0,8121,5131,3734,3935,6454,2,5099,4807,5845,3183,1910,1343,2724,0,0,0,1,1,0,0,4,0,0,2,0,0,0,1,1,0,0,1
20200212,1714,0,3704,986,4897,4017,9405,7041,5191,0,8786,8269,8502,0,8038,5001,3661,3956,6546,1,4112,4704,5977,3531,1964,1271,2499,0,0,0,0,0,1,2,3,7,0,0,0,0,2,0,1,0,1,0
20200213,1735,0,3618,962,5202,4413,9763,6883,5055,1,8826,8912,8539,0,8301,5004,3555,3908,6469,0,4492,5119,6010,3929,1985,1383,2458,0,2,1,0,0,0,1,14,0,0,0,2,0,2,0,1,0,0,2
20200214,1726,0,3798,996,5380,4602,10119,6846,5441,1,8951,9020,8773,0,8354,5114,3410,3770,6447,1,4725,4801,5680,3352,1885,1452,2249,0,1,0,0,0,1,1,17,0,0,2,2,0,1,0,0,5,0,1
20200215,1593,0,3563,662,5083,4049,10362,7193,5296,0,8290,8627,7908,0,7404,3961,2705,3841,4775,2,3968,3811,4921,3305,1244,1141,1814,0,0,0,0,0,0,5,0,1,0,0,0,0,0,0,0,0,0,1
20200216,1915,0,3249,529,3983,3822,9809,5143,5249,0,7137,7069,6422,0,6291,3548,2649,3014,3965,0,3567,3303,4768,2965,1203,961,1295,0,0,0,0,0,0,10,3,0,0,0,1,0,0,0,0,0,0,0
20200217,2059,0,3427,812,4303,3584,8875,6927,4752,0,7743,7037,8120,0,8021,4529,3306,3728,5538,0,4726,4203,5675,3718,1801,1116,1847,0,1,0,0,0,0,8,22,0,0,0,0,0,0,0,0,0,0,0
20200218,2070,0,3433,718,4607,3583,9511,7125,4959,0,8138,7322,8024,0,8219,4391,2991,4003,5267,0,5377,4457,5783,3789,1654,1183,1919,0,0,0,0,0,0,1,0,0,0,28,3,2,2,1,0,0,0,0
20200219,2129,0,3379,798,4920,4095,9617,7811,5069,1,8260,8081,8070,0,8246,4567,2829,4083,5532,0,5060,4491,6153,4119,1555,1131,1776,0,1,0,0,0,0,0,0,1,0,0,2,0,4,0,0,0,0,0
20200220,2087,24,3330,831,4918,4121,9830,7816,4966,3,8572,8120,9615,0,8377,4690,3461,4203,5859,2,5038,4596,6156,3908,1877,1171,1814,0,0,0,0,0,0,2,13,0,0,0,5,0,2,0,1,1,0,0
20200221,2245,1942,3666,987,5080,4380,9985,7887,5265,0,8585,8277,9127,0,8316,5248,3801,3981,5702,0,5344,3372,6212,3531,1663,1364,1842,1,4,0,0,0,0,4,30,2,0,1,5,0,1,1,0,0,0,1
20200222,2169,1745,3404,794,4780,4137,10587,2771,5292,0,9607,7673,7572,0,7924,6077,5049,3389,7563,0,5021,4551,5983,3520,1493,1232,1731,0,2,0,0,2,0,0,0,0,0,0,2,0,2,0,1,0,0,1
20200223,1795,1421,3009,525,4257,4383,9344,5122,4697,0,8487,7369,6461,0,6663,5260,4403,2952,6813,1,4149,3787,5020,2845,1406,932,1621,0,1,0,0,0,0,0,0,1,0,0,0,0,0,0,0,0,0,0
20200224,1694,2036,3251,959,4849,3975,9203,7306,4410,2,7957,8472,7880,0,8029,4926,3457,4153,5945,0,5365,4910,5654,3533,1843,1436,2451,0,0,1,0,0,0,0,3,4,0,2,2,0,4,1,1,0,0,0
20200225,1636,2044,3352,921,4953,4117,9246,7562,4577,2,8076,8544,7940,0,8349,4975,3267,4087,5510,1,4785,4644,6066,4026,1662,1322,2327,0,4,1,0,0,0,1,2,3,0,2,3,0,3,0,1,0,0,0
20200226,1687,2104,3368,1130,5029,4137,9385,8040,4468,0,8094,8647,8639,0,8113,5148,3608,4411,6170,3,4526,4985,5897,3226,2001,1485,2485,0,0,0,0,1,0,1,12,4,0,2,0,0,7,0,1,0,0,0
20200227,1790,2319,3400,993,5118,4187,9393,7594,4912,0,8018,9171,8368,0,8255,4945,3564,4104,6161,1,5180,5027,5665,3735,2022,1663,2782,0,1,0,7,2,0,2,10,5,0,2,0,0,1,0,3,0,0,0
20200228,1895,2162,3650,1015,5541,4700,10235,7929,5337,2,8090,9443,8524,0,8459,4893,3255,3914,5472,2,5173,5106,5658,4095,1845,1552,2318,0,4,1,0,4,0,26,22,2,0,0,0,0,4,0,0,0,0,1
20200229,1855,1934,3659,843,5557,4321,10167,8038,5273,0,8897,9210,8797,0,7981,5438,3827,4049,6662,2,4738,4558,6070,3280,1720,1384,2355,0,0,0,0,0,0,1,0,1,0,0,1,0,3,0,0,0,0,0
20200301,1500,1571,3333,632,4449,4116,8990,6028,4779,0,8024,7321,6924,0,6964,4741,3798,3339,5446,1,3750,3742,4947,2875,1468,976,1789,0,0,0,0,0,0,0,2,2,0,2,0,0,1,0,0,0,0,0
20200302,1553,2098,3334,935,4688,3837,8733,7945,4417,0,7692,7968,8314,0,8088,4796,3246,3945,6169,1,3258,4652,5660,3839,1979,1459,2891,0,3,0,1,1,0,3,3,5,0,0,1,0,1,0,0,0,0,4
20200303,1436,2092,3480,1069,4817,3923,8870,7747,4442,0,7807,8055,7019,0,8131,5203,3649,4264,6213,2,4668,4932,6036,3524,2017,1474,2686,0,1,0,1,2,0,18,9,0,0,3,2,0,1,0,0,1,0,6
20200304,1534,2133,3548,976,4866,3940,9230,8077,4642,1,7438,8233,7366,0,8149,4566,3171,4336,6408,2,4119,4922,5624,143,1884,1410,2459,0,2,0,0,0,0,2,0,0,0,1,0,0,5,0,1,1,0,6
20200305,1687,2030,3677,972,4966,4186,9318,7710,4950,0,7729,8865,6730,0,8310,4790,3303,4420,6663,0,4954,5093,5846,2133,1954,1582,2485,0,0,0,1,2,0,1058,6,0,0,2,0,0,3,0,0,1,1,10
20200306,1763,2142,3824,1055,5214,4298,9562,8212,5115,0,8497,8597,8028,0,8558,5233,3544,4364,6400,0,5312,5188,6274,3734,1956,1490,2353,0,0,0,0,0,0,962,7,0,0,2,2,0,2,0,1,0,0,13
20200307,1693,1899,3591,947,5056,4172,10402,3566,5019,0,8387,8454,7853,0,7799,4968,3531,3837,5547,0,2927,4375,5356,3402,1618,1340,2298,0,0,0,0,0,0,3,3,0,0,0,1,0,1,0,0,0,0,8
20200308,1438,1598,3556,510,4086,3406,8412,5978,4430,0,6927,7760,7003,0,6890,4100,3507,3682,4718,0,2671,3591,5133,3173,1329,1106,1747,0,1,0,0,0,0,0,0,1,0,2,1,0,0,6,0,0,0,3
20200309,1644,2005,3372,802,4784,3725,8956,6784,4626,1,7625,8042,7226,0,7949,4191,2800,4126,5487,23,3103,4670,5260,3638,1610,1401,2339,1,1,0,1,0,0,9,14,1,0,4,3,0,3,1,3,1,0,4
20200310,1443,2038,3451,945,4690,3559,9048,7083,4588,0,8208,7909,7607,0,7978,4915,3404,4210,5836,15,3765,4929,5800,3153,1827,1512,2542,0,1,0,2,3,0,1,19,1,1,1,2,0,1,0,0,1,1,2
20200311,1502,2100,3446,949,4634,3485,9171,7194,4607,0,8417,7977,7933,0,8069,5061,3636,4348,6200,7,4869,4683,5716,3550,1869,1422,2406,0,0,0,0,2,0,3,14,0,0,0,0,0,2,1,0,0,0,4
20200312,1430,2124,3370,809,4705,3503,8519,7033,4555,1,8257,7790,7993,0,8004,5122,3577,4472,6213,5,4790,4923,5596,3321,2031,1451,2606,1,1,0,0,0,0,2,10,3,0,3,0,0,2,0,2,3,1,2
20200313,1522,2052,3668,884,4717,3637,9419,7262,4893,3,8351,7775,8017,0,8040,4889,3238,4519,6040,0,3421,4894,5701,1405,1826,1513,2545,0,44,0,0,0,0,3,0,1,1,1,3,0,1,0,0,0,0,2
20200314,1386,1663,3249,592,4349,3218,9331,6254,4517,0,8042,7362,7403,0,6962,4343,3322,3541,5210,0,3895,3912,5030,3038,1441,1326,2280,0,0,0,0,0,0,0,0,0,0,11,3,0,0,0,0,0,0,0
20200315,1185,1306,2784,473,3322,2766,7704,5422,3788,0,6316,5566,5784,0,5811,3387,2477,2925,3831,0,3048,3151,3741,2739,1167,963,1551,0,0,0,0,1,0,1,0,0,0,0,0,0,0,0,0,0,0,0
20200316,1285,1832,3265,815,4144,2735,7424,6416,3887,0,7371,6640,7160,0,7421,4552,2998,3740,5757,3,4250,4275,4757,3020,1628,1243,2160,0,2,0,0,1,0,2,2,0,0,0,3,0,3,1,1,1,0,0
20200317,1006,1808,3010,831,3905,2289,8075,6046,3782,0,7241,6189,7309,0,6322,4557,3145,3722,5475,0,4205,4188,4848,2802,1747,1266,2200,0,0,0,0,1,0,1,7,1,0,1,1,0,0,0,0,0,0,3
20200318,935,1474,2789,587,3854,2114,7461,5195,3499,0,6896,5894,6230,0,6881,3901,2652,3500,4656,0,2835,3998,4560,2978,1421,1121,1764,0,0,0,0,0,0,0,5,0,0,0,2,1,2,0,1,0,0,0
20200319,905,1516,2822,626,3652,1987,7434,6405,3374,1,6597,5662,6227,0,6721,4109,2903,3256,4700,7,3713,3954,4531,3030,1611,1187,1892,0,0,0,0,1,0,1,1,0,0,0,1,0,0,0,0,1,1,0
20200320,846,1510,2822,605,3801,1935,6336,6740,2832,0,6394,5553,6294,0,6790,3924,2907,3165,4722,20,4008,3977,4329,3022,1595,1210,1836,0,2,0,0,1,0,2,6,0,0,0,0,0,0,0,0,0,0,0
20200321,587,1117,2298,463,2615,1287,5129,5579,2302,0,6190,3621,5616,0,5374,3918,2887,2193,4054,13,2946,2514,3020,2207,1068,739,1229,0,1,0,0,0,0,2,1,1,1,1,3,0,0,0,0,0,0,0
20200322,434,840,1717,327,1802,996,3893,3065,2002,0,4422,2791,3938,0,3826,2513,2088,1587,3073,13,1948,1946,2117,1196,881,568,1108,0,1,0,1,0,0,0,1,1,0,0,1,0,0,0,0,0,0,0
20200323,570,1100,2068,415,2425,1227,4317,4347,2072,0,4954,3520,4822,0,5080,2783,2000,2256,3385,6,2767,2586,3032,1983,1102,672,1417,0,0,0,0,0,0,0,3,0,0,1,2,0,0,0,1,0,0,0
20200324,397,788,1488,285,1727,859,3235,2839,1658,0,3526,2597,2770,0,3523,2111,1428,1639,2404,11,1892,1901,2408,2231,867,491,1259,0,0,0,0,0,0,0,0,0,0,2,1,0,0,0,1,0,0,0
20200325,332,686,1295,253,1480,730,2828,2518,1447,0,3068,2258,2505,0,3383,1652,1270,1409,2042,7,1874,1616,2010,2084,757,438,1180,0,0,0,0,0,0,0,0,1,0,0,1,0,0,0,0,0,0,0
20200326,106,690,1228,249,1525,605,2787,2412,1320,0,3084,2117,2725,0,3234,1713,1238,1313,1926,6,2033,1597,1685,1688,766,420,1142,0,0,0,0,1,0,2,1,0,0,0,0,0,0,0,0,0,0,0
20200327,2,714,1344,280,1515,656,3150,2873,1542,0,3287,2111,2628,0,3511,1870,1389,1361,2054,12,2236,1734,2055,2097,749,511,1219,0,2,1,0,1,0,1,2,0,0,0,0,0,0,0,0,1,0,0
20200328,0,593,1090,191,1138,525,2510,2118,1303,0,2531,1704,1794,0,2468,1292,1020,1050,1584,8,1566,1207,1360,1300,492,414,863,0,1,0,0,1,0,0,3,0,0,0,0,0,0,0,0,0,0,0
20200329,0,444,869,140,809,455,2056,2626,1125,0,1973,1314,1380,0,1775,1058,829,780,1121,3,1174,917,1143,1022,443,294,722,0,0,0,0,0,0,0,0,0,0,0,1,0,0,0,0,0,0,0
20200330,0,594,1182,230,1357,593,2722,3069,1314,0,2853,2037,2669,0,3065,1502,1140,1144,1646,7,1923,1526,1751,1356,658,421,1084,0,1,0,0,1,1,1,4,0,0,0,1,0,0,0,0,0,1,0
20200331,0,597,1199,256,1306,616,2776,2654,1348,0,2995,1984,2423,0,3125,1576,1141,1210,1800,5,1991,1521,1823,1349,705,431,1089,0,0,0,0,1,0,0,5,1,0,1,2,0,0,0,1,0,1,0
20200401,0,568,1187,211,1220,572,2736,2253,1341,0,2930,1979,2271,0,3041,1695,1241,1185,1746,14,2142,1520,1803,2147,674,489,1197,2,0,0,0,0,0,0,2,0,0,0,0,0,0,0,0,1,0,0
20200402,0,630,1214,227,1328,539,2673,2295,1333,0,2937,1900,2385,0,3218,1642,1196,1220,1784,12,2196,1560,862,2132,697,481,1188,0,0,0,0,0,0,0,1,0,0,2,0,0,0,0,0,0,0,1
20200403,0,679,1349,273,1378,601,3066,2764,1491,0,3194,2025,2541,0,3234,1648,1322,1312,1921,12,2298,1567,1937,2174,730,588,1202,0,0,0,0,0,0,1,5,0,0,0,1,0,0,0,0,0,0,0
20200404,0,632,1236,209,1153,502,2561,2396,1392,0,2660,1555,2202,0,2651,1413,1071,1064,1627,5,1593,1285,1405,1526,466,398,820,0,0,0,0,0,0,0,1,0,0,0,0,0,0,0,0,0,0,0
20200405,0,463,888,149,772,449,1942,1462,1117,0,2021,1257,1604,0,1857,964,797,756,1173,9,1175,934,1180,1073,410,251,649,0,0,2,0,0,0,0,1,0,0,0,0,0,0,0,0,0,0,0
20200406,0,651,1239,278,1437,765,2550,2726,474,0,2716,2182,2544,0,3085,1489,1109,1265,1811,4,1958,1481,1793,2009,724,486,1218,0,0,0,0,0,0,0,3,0,0,0,2,0,0,0,0,0,0,0
20200407,0,695,1138,261,1447,739,2602,2696,580,0,2841,2166,2387,0,3217,1628,1179,1151,1781,0,2113,1453,1784,2071,702,447,1170,0,0,0,0,0,0,0,0,0,0,1,1,0,0,0,0,0,0,0
20200408,0,828,980,325,1646,826,2788,2853,915,0,3029,2477,2631,0,3239,1663,1270,1385,1956,0,2143,1616,1991,2162,672,511,1256,0,1,0,0,0,0,0,3,0,0,0,0,0,0,0,0,0,0,0
20200409,0,837,1183,303,1715,851,3187,3262,1230,1,3361,2513,2976,0,3662,1848,1346,1497,2116,0,2367,1817,2159,2384,700,520,1302,0,0,0,0,0,0,0,0,0,0,0,2,0,0,0,0,0,0,1
20200410,0,613,1171,226,1098,523,2642,2501,1383,0,2634,1650,2407,0,2811,1255,1086,1177,1679,1,1506,1272,1478,1620,560,476,914,0,0,0,0,0,0,0,1,1,0,0,0,0,0,0,0,0,0,0
20200411,0,568,1161,223,1149,479,2561,2103,1283,0,2590,1624,2299,0,2577,1246,1034,1040,1541,1,1540,1278,1530,1544,543,537,989,0,0,0,0,0,0,0,0,0,0,0,0,0,0,0,0,0,0,0
20200412,0,424,869,132,728,367,1745,753,336,0,1635,1188,1073,0,1472,757,615,659,934,0,1019,778,1003,1063,367,292,618,0,0,0,1,0,0,0,0,0,0,0,1,0,0,0,0,0,0,0
20200413,0,479,995,179,886,438,2213,1980,416,0,2222,1342,1926,0,2192,1133,811,894,1205,0,1242,1048,1273,1370,420,377,776,0,0,0,0,0,0,0,1,1,0,0,2,0,0,0,0,0,0,0
20200414,0,680,1324,273,1422,587,2900,2534,1315,0,2960,2089,2501,0,3295,1714,1228,1250,1786,1,2042,1545,1757,2008,699,492,1252,0,0,0,0,0,0,0,1,0,0,1,1,0,0,1,0,0,0,0
20200415,0,681,1245,260,1376,598,2675,2713,1189,0,3009,2097,2628,0,3364,1594,1151,1333,1916,0,2002,1662,1346,2181,684,480,1205,0,1,0,0,1,1,0,6,0,0,0,0,0,0,0,0,0,0,0
20200416,0,615,1232,251,1463,676,2702,2727,1188,0,3019,2126,2644,0,3491,1776,1269,1221,1977,1,1317,1564,1978,2259,725,513,1220,0,0,0,0,0,0,2,2,0,0,3,0,0,0,0,0,0,0,0
20200417,0,701,1459,297,1504,676,2964,2989,1379,0,3321,2270,2730,0,3595,1930,1286,1337,1890,0,2154,1741,2102,2286,641,526,1260,0,0,0,0,0,1,0,3,0,0,0,1,0,0,0,0,0,0,0
20200418,0,599,1232,224,1280,588,2657,1125,1389,0,3064,1842,2305,0,2860,1583,1381,1158,1848,0,1436,1377,1624,1680,525,509,808,0,0,0,0,1,0,0,0,0,0,0,0,0,0,0,0,0,0,0
20200419,0,500,995,167,949,449,2057,1729,586,0,2284,1434,1655,0,2135,1143,975,958,1388,1,1236,998,1281,1379,491,320,745,1,0,0,0,0,0,0,2,0,0,0,0,0,0,0,0,0,0,0
20200420,0,646,1332,285,1411,635,2775,2796,409,0,3127,2232,2526,0,3416,1637,1202,1333,928,1,2137,1588,2020,2199,711,468,1242,0,1,0,0,0,0,0,3,0,0,0,0,0,1,0,0,0,0,1
20200421,0,674,1230,265,1492,662,2891,2781,1118,0,3238,2214,2646,0,3453,1867,1307,1334,802,0,1916,1744,1937,2229,677,491,1215,0,0,0,0,0,0,0,4,1,0,1,0,1,2,0,0,0,0,0
