{'13069': '0', '13070': '204', '13071': '218', '13072': '156', '13073': '270', '13074': '194', '13075': '366', '13076': '234', '13077': '561', '13078': '179', '13079': '365', '13080': '290', '13081': '93', '13082': '0', '13086': '120', '13345': '7', '13346': '18', '13347': '34', '13348': '12', '13350': '0', '13434': '12', '13435': '26', '13436': '22', '13437': '2', '13438': '8', '13444': '8', '13446': '25', '13454': '176', '13455': '103', '13456': '31', '13457': '74', '13458': '106', '13459': '12', '13460': '148', '13461': '15', '13462': '27', '13463': '86', '13464': '90', '13465': '103', '13466': '109', '13467': '128', '13470': '158', '13471': '116', '13472': '108', '13473': '67', '13478': '230'}
{'13069': '20190101', '13070': '20190101', '13071': '20190101', '13072': '20190101', '13073': '20190101', '13074': '20190101', '13075': '20190101', '13076': '20190101', '13077': '20190101', '13078': '20190101', '13079': '20190101', '13080': '20190101', '13081': '20190101', '13082': '20190101', '13086': '20190101', '13345': '20190101', '13346': '20190101', '13347': '20190101', '13348': '20190101', '13350': '20190101', '13434': '20190101', '13435': '20190101', '13436': '20190101', '13437': '20190101', '13438': '20190101', '13444': '20190101', '13446': '20190101', '13454': '20190101', '13455': '20190101', '13456': '20190101', '13457': '20190101', '13458': '20190101', '13459': '20190101', '13460': '20190101', '13461': '20190101', '13462': '20190101', '13463': '20190101', '13464': '20190101', '13465': '20190101', '13466': '20190101', '13467': '20190101', '13470': '20190101', '13471': '20190101', '13472': '20190101', '13473': '20190101', '13478': '20190101'}
,13069,13070,13071,13072,13073,13074,13075,13076,13077,13078,13079,13080,13081,13082,13086,13345,13346,13347,13348,13350,13434,13435,13436,13437,13438,13444,13446,13454,13455,13456,13457,13458,13459,13460,13461,13462,13463,13464,13465,13466,13467,13470,13471,13472,13473,13478
20190101,0,0,0,0,0,0,0,0,0,0,0,0,0,0,0,0,0,0,0,0,0,0,0,0,0,0,0,0,0,0,0,0,0,0,0,0,0,0,0,0,0,0,0,0,0,0
20190102,0,0,0,0,0,0,0,0,0,0,0,0,0,0,0,0,0,0,0,0,0,0,0,0,0,0,0,0,0,0,0,0,0,0,0,0,0,0,0,0,0,0,0,0,0,0
20190103,0,0,0,0,0,0,0,0,0,0,0,0,0,0,0,0,0,0,0,0,0,0,0,0,0,0,0,0,0,0,0,0,0,0,0,0,0,0,0,0,0,0,0,0,0,0
20190104,0,0,0,0,0,0,0,0,0,0,0,0,0,0,0,0,0,0,0,0,0,0,0,0,0,0,0,0,0,0,0,0,0,0,0,0,0,0,0,0,0,0,0,0,0,0
20190105,0,0,0,0,0,0,0,0,0,0,0,0,0,0,0,0,0,0,0,0,0,0,0,0,0,0,0,0,0,0,0,0,0,0,0,0,0,0,0,0,0,0,0,0,0,0
20190106,0,0,0,0,0,0,0,0,0,0,0,0,0,0,0,0,0,0,0,0,0,0,0,0,0,0,0,0,0,0,0,0,0,0,0,0,0,0,0,0,0,0,0,0,0,0
20190107,0,0,0,0,0,0,0,0,0,0,0,0,0,0,0,0,0,0,0,0,0,0,0,0,0,0,0,0,0,0,0,0,0,0,0,0,0,0,0,0,0,0,0,0,0,0
20190108,0,0,0,0,0,0,0,0,0,0,0,0,0,0,0,0,0,0,0,0,0,0,0,0,0,0,0,0,0,0,0,0,0,0,0,0,0,0,0,0,0,0,0,0,0,0
20190109,0,0,0,0,0,0,0,0,0,0,0,0,0,0,0,0,0,0,0,0,0,0,0,0,0,0,0,0,0,0,0,0,0,0,0,0,0,0,0,0,0,0,0,0,0,0
20190110,0,0,0,0,0,0,0,0,0,0,0,0,0,0,0,0,0,0,0,0,0,0,0,0,0,0,0,0,0,0,0,0,0,0,0,0,0,0,0,0,0,0,0,0,0,0
20190111,0,0,0,0,0,0,0,0,0,0,0,0,0,0,0,0,0,0,0,0,0,0,0,0,0,0,0,0,0,0,0,0,0,0,0,0,0,0,0,0,0,0,0,0,0,0
20190112,0,0,0,0,0,0,0,0,0,0,0,0,0,0,0,0,0,0,0,0,0,0,0,0,0,0,0,0,0,0,0,0,0,0,0,0,0,0,0,0,0,0,0,0,0,0
20190113,0,0,0,0,0,0,0,0,0,0,0,0,0,0,0,0,0,0,0,0,0,0,0,0,0,0,0,0,0,0,0,0,0,0,0,0,0,0,0,0,0,0,0,0,0,0
20190114,0,0,0,0,0,0,0,0,0,0,0,0,0,0,0,0,0,0,0,0,0,0,0,0,0,0,0,0,0,0,0,0,0,0,0,0,0,0,0,0,0,0,0,0,0,0
20190115,0,0,0,0,0,0,0,0,0,0,0,0,0,0,0,0,0,0,0,0,0,0,0,0,0,0,0,0,0,0,0,0,0,0,0,0,0,0,0,0,0,0,0,0,0,0
20190116,0,0,0,0,0,0,0,0,0,0,0,0,0,0,0,0,0,0,0,0,0,0,0,0,0,0,0,0,0,0,0,0,0,0,0,0,0,0,0,0,0,0,0,0,0,0
20190117,0,0,0,0,0,0,0,0,0,0,0,0,0,0,0,0,0,0,0,0,0,0,0,0,0,0,0,0,0,0,0,0,0,0,0,0,0,0,0,0,0,0,0,0,0,0
20190118,0,0,0,0,0,0,0,0,0,0,0,0,0,0,0,0,0,0,0,0,0,0,0,0,0,0,0,0,0,0,0,0,0,0,0,0,0,0,0,0,0,0,0,0,0,0
20190119,0,0,0,0,0,0,0,0,0,0,0,0,0,0,0,0,0,0,0,0,0,0,0,0,0,0,0,0,0,0,0,0,0,0,0,0,0,0,0,0,0,0,0,0,0,0
20190120,0,0,0,0,0,0,0,0,0,0,0,0,0,0,0,0,0,0,0,0,0,0,0,0,0,0,0,0,0,0,0,0,0,0,0,0,0,0,0,0,0,0,0,0,0,0
20190121,0,0,0,0,0,0,0,0,0,0,0,0,0,0,0,0,0,0,0,0,0,0,0,0,0,0,0,0,0,0,0,0,0,0,0,0,0,0,0,0,0,0,0,0,0,0
20190122,0,0,0,0,0,0,0,0,0,0,0,0,0,0,0,0,0,0,0,0,0,0,0,0,0,0,0,0,0,0,0,0,0,0,0,0,0,0,0,0,0,0,0,0,0,0
20190123,0,0,0,0,0,0,0,0,0,0,0,0,0,0,0,0,0,0,0,0,0,0,0,0,0,0,0,0,0,0,0,0,0,0,0,0,0,0,0,0,0,0,0,0,0,0
20190124,0,0,0,0,0,0,0,0,0,0,0,0,0,0,0,0,0,0,0,0,0,0,0,0,0,0,0,0,0,0,0,0,0,0,0,0,0,0,0,0,0,0,0,0,0,0
20190125,0,0,0,0,0,0,0,0,0,0,0,0,0,0,0,0,0,0,0,0,0,0,0,0,0,0,0,0,0,0,0,0,0,0,0,0,0,0,0,0,0,0,0,0,0,0
20190126,0,0,0,0,0,0,0,0,0,0,0,0,0,0,0,0,0,0,0,0,0,0,0,0,0,0,0,0,0,0,0,0,0,0,0,0,0,0,0,0,0,0,0,0,0,0
20190127,0,0,0,0,0,0,0,0,0,0,0,0,0,0,0,0,0,0,0,0,0,0,0,0,0,0,0,0,0,0,0,0,0,0,0,0,0,0,0,0,0,0,0,0,0,0
20190128,0,0,0,0,0,0,0,0,0,0,0,0,0,0,0,0,0,0,0,0,0,0,0,0,0,0,0,0,0,0,0,0,0,0,0,0,0,0,0,0,0,0,0,0,0,0
20190129,0,0,0,0,0,0,0,0,0,0,0,0,0,0,0,0,0,0,0,0,0,0,0,0,0,0,0,0,0,0,0,0,0,0,0,0,0,0,0,0,0,0,0,0,0,0
20190130,0,0,0,0,0,0,0,0,0,0,0,0,0,0,0,0,0,0,0,0,0,0,0,0,0,0,0,0,0,0,0,0,0,0,0,0,0,0,0,0,0,0,0,0,0,0
20190131,0,0,0,0,0,0,0,0,0,0,0,0,0,0,0,0,0,0,0,0,0,0,0,0,0,0,0,0,0,0,0,0,0,0,0,0,0,0,0,0,0,0,0,0,0,0
20190201,0,0,0,0,0,0,0,0,0,0,0,0,0,0,0,0,0,0,0,0,0,0,0,0,0,0,0,0,0,0,0,0,0,0,0,0,0,0,0,0,0,0,0,0,0,0
20190202,0,0,0,0,0,0,0,0,0,0,0,0,0,0,0,0,0,0,0,0,0,0,0,0,0,0,0,0,0,0,0,0,0,0,0,0,0,0,0,0,0,0,0,0,0,0
20190203,0,0,0,0,0,0,0,0,0,0,0,0,0,0,0,0,0,0,0,0,0,0,0,0,0,0,0,0,0,0,0,0,0,0,0,0,0,0,0,0,0,0,0,0,0,0
20190204,0,0,0,0,0,0,0,0,0,0,0,0,0,0,0,0,0,0,0,0,0,0,0,0,0,0,0,0,0,0,0,0,0,0,0,0,0,0,0,0,0,0,0,0,0,0
20190205,0,0,0,0,0,0,0,0,0,0,0,0,0,0,0,0,0,0,0,0,0,0,0,0,0,0,0,0,0,0,0,0,0,0,0,0,0,0,0,0,0,0,0,0,0,0
20190206,0,0,0,0,0,0,0,0,0,0,0,0,0,0,0,0,0,0,0,0,0,0,0,0,0,0,0,0,0,0,0,0,0,0,0,0,0,0,0,0,0,0,0,0,0,0
20190207,0,0,0,0,0,0,0,0,0,0,0,0,0,0,0,0,0,0,0,0,0,0,0,0,0,0,0,0,0,0,0,0,0,0,0,0,0,0,0,0,0,0,0,0,0,0
20190208,0,0,0,0,0,0,0,0,0,0,0,0,0,0,0,0,0,0,0,0,0,0,0,0,0,0,0,0,0,0,0,0,0,0,0,0,0,0,0,0,0,0,0,0,0,0
20190209,0,0,0,0,0,0,0,0,0,0,0,0,0,0,0,0,0,0,0,0,0,0,0,0,0,0,0,0,0,0,0,0,0,0,0,0,0,0,0,0,0,0,0,0,0,0
20190210,0,0,0,0,0,0,0,0,0,0,0,0,0,0,0,0,0,0,0,0,0,0,0,0,0,0,0,0,0,0,0,0,0,0,0,0,0,0,0,0,0,0,0,0,0,0
20190211,0,0,0,0,0,0,0,0,0,0,0,0,0,0,0,0,0,0,0,0,0,0,0,0,0,0,0,0,0,0,0,0,0,0,0,0,0,0,0,0,0,0,0,0,0,0
20190212,0,0,0,0,0,0,0,0,0,0,0,0,0,0,0,0,0,0,0,0,0,0,0,0,0,0,0,0,0,0,0,0,0,0,0,0,0,0,0,0,0,0,0,0,0,0
20190213,0,0,0,0,0,0,0,0,0,0,0,0,0,0,0,0,0,0,0,0,0,0,0,0,0,0,0,0,0,0,0,0,0,0,0,0,0,0,0,0,0,0,0,0,0,0
20190214,0,0,0,0,0,0,0,0,0,0,0,0,0,0,0,0,0,0,0,0,0,0,0,0,0,0,0,0,0,0,0,0,0,0,0,0,0,0,0,0,0,0,0,0,0,0
20190215,0,0,0,0,0,0,0,0,0,0,0,0,0,0,0,0,0,0,0,0,0,0,0,0,0,0,0,0,0,0,0,0,0,0,0,0,0,0,0,0,0,0,0,0,0,0
20190216,0,0,0,0,0,0,0,0,0,0,0,0,0,0,0,0,0,0,0,0,0,0,0,0,0,0,0,0,0,0,0,0,0,0,0,0,0,0,0,0,0,0,0,0,0,0
20190217,0,0,0,0,0,0,0,0,0,0,0,0,0,0,0,0,0,0,0,0,0,0,0,0,0,0,0,0,0,0,0,0,0,0,0,0,0,0,0,0,0,0,0,0,0,0
20190218,0,0,0,0,0,0,0,0,0,0,0,0,0,0,0,0,0,0,0,0,0,0,0,0,0,0,0,0,0,0,0,0,0,0,0,0,0,0,0,0,0,0,0,0,0,0
20190219,0,0,0,0,0,0,0,0,0,0,0,0,0,0,0,0,0,0,0,0,0,0,0,0,0,0,0,0,0,0,0,0,0,0,0,0,0,0,0,0,0,0,0,0,0,0
20190220,0,0,0,0,0,0,0,0,0,0,0,0,0,0,0,0,0,0,0,0,0,0,0,0,0,0,0,0,0,0,0,0,0,0,0,0,0,0,0,0,0,0,0,0,0,0
20190221,0,0,0,0,0,0,0,0,0,0,0,0,0,0,0,0,0,0,0,0,0,0,0,0,0,0,0,0,0,0,0,0,0,0,0,0,0,0,0,0,0,0,0,0,0,0
20190222,0,0,0,0,0,0,0,0,0,0,0,0,0,0,0,0,0,0,0,0,0,0,0,0,0,0,0,0,0,0,0,0,0,0,0,0,0,0,0,0,0,0,0,0,0,0
20190223,0,0,0,0,0,0,0,0,0,0,0,0,0,0,0,0,0,0,0,0,0,0,0,0,0,0,0,0,0,0,0,0,0,0,0,0,0,0,0,0,0,0,0,0,0,0
20190224,0,0,0,0,0,0,0,0,0,0,0,0,0,0,0,0,0,0,0,0,0,0,0,0,0,0,0,0,0,0,0,0,0,0,0,0,0,0,0,0,0,0,0,0,0,0
20190225,0,0,0,0,0,0,0,0,0,0,0,0,0,0,0,0,0,0,0,0,0,0,0,0,0,0,0,0,0,0,0,0,0,0,0,0,0,0,0,0,0,0,0,0,0,0
20190226,0,0,0,0,0,0,0,0,0,0,0,0,0,0,0,0,0,0,0,0,0,0,0,0,0,0,0,0,0,0,0,0,0,0,0,0,0,0,0,0,0,0,0,0,0,0
20190227,0,0,0,0,0,0,0,0,0,0,0,0,0,0,0,0,0,0,0,0,0,0,0,0,0,0,0,0,0,0,0,0,0,0,0,0,0,0,0,0,0,0,0,0,0,0
20190228,0,0,0,0,0,0,0,0,0,0,0,0,0,0,0,0,0,0,0,0,0,0,0,0,0,0,0,0,0,0,0,0,0,0,0,0,0,0,0,0,0,0,0,0,0,0
20190301,0,0,0,0,0,0,0,0,0,0,0,0,0,0,0,0,0,0,0,0,0,0,0,0,0,0,0,0,0,0,0,0,0,0,0,0,0,0,0,0,0,0,0,0,0,0
20190302,0,0,0,0,0,0,0,0,0,0,0,0,0,0,0,0,0,0,0,0,0,0,0,0,0,0,0,0,0,0,0,0,0,0,0,0,0,0,0,0,0,0,0,0,0,0
20190303,0,0,0,0,0,0,0,0,0,0,0,0,0,0,0,0,0,0,0,0,0,0,0,0,0,0,0,0,0,0,0,0,0,0,0,0,0,0,0,0,0,0,0,0,0,0
20190304,0,0,0,0,0,0,0,0,0,0,0,0,0,0,0,0,0,0,0,0,0,0,0,0,0,0,0,0,0,0,0,0,0,0,0,0,0,0,0,0,0,0,0,0,0,0
20190305,0,0,0,0,0,0,0,0,0,0,0,0,0,0,0,0,0,0,0,0,0,0,0,0,0,0,0,0,0,0,0,0,0,0,0,0,0,0,0,0,0,0,0,0,0,0
20190306,0,0,0,0,0,0,0,0,0,0,0,0,0,0,0,0,0,0,0,0,0,0,0,0,0,0,0,0,0,0,0,0,0,0,0,0,0,0,0,0,0,0,0,0,0,0
20190307,0,0,0,0,0,0,0,0,0,0,0,0,0,0,0,0,0,0,0,0,0,0,0,0,0,0,0,0,0,0,0,0,0,0,0,0,0,0,0,0,0,0,0,0,0,0
20190308,0,0,0,0,0,0,0,0,0,0,0,0,0,0,0,0,0,0,0,0,0,0,0,0,0,0,0,0,0,0,0,0,0,0,0,0,0,0,0,0,0,0,0,0,0,0
20190309,0,0,0,0,0,0,0,0,0,0,0,0,0,0,0,0,0,0,0,0,0,0,0,0,0,0,0,0,0,0,0,0,0,0,0,0,0,0,0,0,0,0,0,0,0,0
20190310,0,0,0,0,0,0,0,0,0,0,0,0,0,0,0,0,0,0,0,0,0,0,0,0,0,0,0,0,0,0,0,0,0,0,0,0,0,0,0,0,0,0,0,0,0,0
20190311,0,0,0,0,0,0,0,0,0,0,0,0,0,0,0,0,0,0,0,0,0,0,0,0,0,0,0,0,0,0,0,0,0,0,0,0,0,0,0,0,0,0,0,0,0,0
20190312,0,0,0,0,0,0,0,0,0,0,0,0,0,0,0,0,0,0,0,0,0,0,0,0,0,0,0,0,0,0,0,0,0,0,0,0,0,0,0,0,0,0,0,0,0,0
20190313,0,0,0,0,0,0,0,0,0,0,0,0,0,0,0,0,0,0,0,0,0,0,0,0,0,0,0,0,0,0,0,0,0,0,0,0,0,0,0,0,0,0,0,0,0,0
20190314,0,0,0,0,0,0,0,0,0,0,0,0,0,0,0,0,0,0,0,0,0,0,0,0,0,0,0,0,0,0,0,0,0,0,0,0,0,0,0,0,0,0,0,0,0,0
20190315,0,0,0,0,0,0,0,0,0,0,0,0,0,0,0,0,0,0,0,0,0,0,0,0,0,0,0,0,0,0,0,0,0,0,0,0,0,0,0,0,0,0,0,0,0,0
20190316,0,0,0,0,0,0,0,0,0,0,0,0,0,0,0,0,0,0,0,0,0,0,0,0,0,0,0,0,0,0,0,0,0,0,0,0,0,0,0,0,0,0,0,0,0,0
20190317,0,0,0,0,0,0,0,0,0,0,0,0,0,0,0,0,0,0,0,0,0,0,0,0,0,0,0,0,0,0,0,0,0,0,0,0,0,0,0,0,0,0,0,0,0,0
20190318,0,0,0,0,0,0,0,0,0,0,0,0,0,0,0,0,0,0,0,0,0,0,0,0,0,0,0,0,0,0,0,0,0,0,0,0,0,0,0,0,0,0,0,0,0,0
20190319,0,0,0,0,0,0,0,0,0,0,0,0,0,0,0,0,0,0,0,0,0,0,0,0,0,0,0,0,0,0,0,0,0,0,0,0,0,0,0,0,0,0,0,0,0,0
20190320,0,0,0,0,0,0,0,0,0,0,0,0,0,0,0,0,0,0,0,0,0,0,0,0,0,0,0,0,0,0,0,0,0,0,0,0,0,0,0,0,0,0,0,0,0,0
20190321,0,0,0,0,0,0,0,0,0,0,0,0,0,0,0,0,0,0,0,0,0,0,0,0,0,0,0,0,0,0,0,0,0,0,0,0,0,0,0,0,0,0,0,0,0,0
20190322,0,0,0,0,0,0,0,0,0,0,0,0,0,0,0,0,0,0,0,0,0,0,0,0,0,0,0,0,0,0,0,0,0,0,0,0,0,0,0,0,0,0,0,0,0,0
20190323,0,0,0,0,0,0,0,0,0,0,0,0,0,0,0,0,0,0,0,0,0,0,0,0,0,0,0,0,0,0,0,0,0,0,0,0,0,0,0,0,0,0,0,0,0,0
20190324,0,0,0,0,0,0,0,0,0,0,0,0,0,0,0,0,0,0,0,0,0,0,0,0,0,0,0,0,0,0,0,0,0,0,0,0,0,0,0,0,0,0,0,0,0,0
20190325,0,0,0,0,0,0,0,0,0,0,0,0,0,0,0,0,0,0,0,0,0,0,0,0,0,0,0,0,0,0,0,0,0,0,0,0,0,0,0,0,0,0,0,0,0,0
20190326,0,0,0,0,0,0,0,0,0,0,0,0,0,0,0,0,0,0,0,0,0,0,0,0,0,0,0,0,0,0,0,0,0,0,0,0,0,0,0,0,0,0,0,0,0,0
20190327,0,0,0,0,0,0,0,0,0,0,0,0,0,0,0,0,0,0,0,0,0,0,0,0,0,0,0,0,0,0,0,0,0,0,0,0,0,0,0,0,0,0,0,0,0,0
20190328,0,0,0,0,0,0,0,0,0,0,0,0,0,0,0,0,0,0,0,0,0,0,0,0,0,0,0,0,0,0,0,0,0,0,0,0,0,0,0,0,0,0,0,0,0,0
20190329,0,0,0,0,0,0,0,0,0,0,0,0,0,0,0,0,0,0,0,0,0,0,0,0,0,0,0,0,0,0,0,0,0,0,0,0,0,0,0,0,0,0,0,0,0,0
20190330,0,0,0,0,0,0,0,0,0,0,0,0,0,0,0,0,0,0,0,0,0,0,0,0,0,0,0,0,0,0,0,0,0,0,0,0,0,0,0,0,0,0,0,0,0,0
20190331,0,0,0,0,0,0,0,0,0,0,0,0,0,0,0,0,0,0,0,0,0,0,0,0,0,0,0,0,0,0,0,0,0,0,0,0,0,0,0,0,0,0,0,0,0,0
20190401,0,0,0,0,0,0,0,0,0,0,0,0,0,0,0,0,0,0,0,0,0,0,0,0,0,0,0,0,0,0,0,0,0,0,0,0,0,0,0,0,0,0,0,0,0,0
20190402,0,0,0,0,0,0,0,0,0,0,0,0,0,0,0,0,0,0,0,0,0,0,0,0,0,0,0,0,0,0,0,0,0,0,0,0,0,0,0,0,0,0,0,0,0,0
20190403,0,0,0,0,0,0,0,0,0,0,0,0,0,0,0,0,0,0,0,0,0,0,0,0,0,0,0,0,0,0,0,0,0,0,0,0,0,0,0,0,0,0,0,0,0,0
20190404,0,0,0,0,0,0,0,0,0,0,0,0,0,0,0,0,0,0,0,0,0,0,0,0,0,0,0,0,0,0,0,0,0,0,0,0,0,0,0,0,0,0,0,0,0,0
20190405,0,0,0,0,0,0,0,0,0,0,0,0,0,0,0,0,0,0,0,0,0,0,0,0,0,0,0,0,0,0,0,0,0,0,0,0,0,0,0,0,0,0,0,0,0,0
20190406,0,0,0,0,0,0,0,0,0,0,0,0,0,0,0,0,0,0,0,0,0,0,0,0,0,0,0,0,0,0,0,0,0,0,0,0,0,0,0,0,0,0,0,0,0,0
20190407,0,0,0,0,0,0,0,0,0,0,0,0,0,0,0,0,0,0,0,0,0,0,0,0,0,0,0,0,0,0,0,0,0,0,0,0,0,0,0,0,0,0,0,0,0,0
20190408,0,0,0,0,0,0,0,0,0,0,0,0,0,0,0,0,0,0,0,0,0,0,0,0,0,0,0,0,0,0,0,0,0,0,0,0,0,0,0,0,0,0,0,0,0,0
20190409,0,0,0,0,0,0,0,0,0,0,0,0,0,0,0,0,0,0,0,0,0,0,0,0,0,0,0,0,0,0,0,0,0,0,0,0,0,0,0,0,0,0,0,0,0,0
20190410,0,0,0,0,0,0,0,0,0,0,0,0,0,0,0,0,0,0,0,0,0,0,0,0,0,0,0,0,0,0,0,0,0,0,0,0,0,0,0,0,0,0,0,0,0,0
20190411,0,0,0,0,0,0,0,0,0,0,0,0,0,0,0,0,0,0,0,0,0,0,0,0,0,0,0,0,0,0,0,0,0,0,0,0,0,0,0,0,0,0,0,0,0,0
20190412,0,0,0,0,0,0,0,0,0,0,0,0,0,0,0,0,0,0,0,0,0,0,0,0,0,0,0,0,0,0,0,0,0,0,0,0,0,0,0,0,0,0,0,0,0,0
20190413,0,0,0,0,0,0,0,0,0,0,0,0,0,0,0,0,0,0,0,0,0,0,0,0,0,0,0,0,0,0,0,0,0,0,0,0,0,0,0,0,0,0,0,0,0,0
20190414,0,0,0,0,0,0,0,0,0,0,0,0,0,0,0,0,0,0,0,0,0,0,0,0,0,0,0,0,0,0,0,0,0,0,0,0,0,0,0,0,0,0,0,0,0,0
20190415,0,0,0,0,0,0,0,0,0,0,0,0,0,0,0,0,0,0,0,0,0,0,0,0,0,0,0,0,0,0,0,0,0,0,0,0,0,0,0,0,0,0,0,0,0,0
20190416,0,0,0,0,0,0,0,0,0,0,0,0,0,0,0,0,0,0,0,0,0,0,0,0,0,0,0,0,0,0,0,0,0,0,0,0,0,0,0,0,0,0,0,0,0,0
20190417,0,0,0,0,0,0,0,0,0,0,0,0,0,0,0,0,0,0,0,0,0,0,0,0,0,0,0,0,0,0,0,0,0,0,0,0,0,0,0,0,0,0,0,0,0,0
20190418,0,0,0,0,0,0,0,0,0,0,0,0,0,0,0,0,0,0,0,0,0,0,0,0,0,0,0,0,0,0,0,0,0,0,0,0,0,0,0,0,0,0,0,0,0,0
20190419,0,0,0,0,0,0,0,0,0,0,0,0,0,0,0,0,0,0,0,0,0,0,0,0,0,0,0,0,0,0,0,0,0,0,0,0,0,0,0,0,0,0,0,0,0,0
20190420,0,0,0,0,0,0,0,0,0,0,0,0,0,0,0,0,0,0,0,0,0,0,0,0,0,0,0,0,0,0,0,0,0,0,0,0,0,0,0,0,0,0,0,0,0,0
20190421,0,0,0,0,0,0,0,0,0,0,0,0,0,0,0,0,0,0,0,0,0,0,0,0,0,0,0,0,0,0,0,0,0,0,0,0,0,0,0,0,0,0,0,0,0,0
20190422,0,0,0,0,0,0,0,0,0,0,0,0,0,0,0,0,0,0,0,0,0,0,0,0,0,0,0,0,0,0,0,0,0,0,0,0,0,0,0,0,0,0,0,0,0,0
20190423,0,0,0,0,0,0,0,0,0,0,0,0,0,0,0,0,0,0,0,0,0,0,0,0,0,0,0,0,0,0,0,0,0,0,0,0,0,0,0,0,0,0,0,0,0,0
20190424,0,0,0,0,0,0,0,0,0,0,0,0,0,0,0,0,0,0,0,0,0,0,0,0,0,0,0,0,0,0,0,0,0,0,0,0,0,0,0,0,0,0,0,0,0,0
20190425,0,0,0,0,0,0,0,0,0,0,0,0,0,0,0,0,0,0,0,0,0,0,0,0,0,0,0,0,0,0,0,0,0,0,0,0,0,0,0,0,0,0,0,0,0,0
20190426,0,0,0,0,0,0,0,0,0,0,0,0,0,0,0,0,0,0,0,0,0,0,0,0,0,0,0,0,0,0,0,0,0,0,0,0,0,0,0,0,0,0,0,0,0,0
20190427,0,0,0,0,0,0,0,0,0,0,0,0,0,0,0,0,0,0,0,0,0,0,0,0,0,0,0,0,0,0,0,0,0,0,0,0,0,0,0,0,0,0,0,0,0,0
20190428,0,0,0,0,0,0,0,0,0,0,0,0,0,0,0,0,0,0,0,0,0,0,0,0,0,0,0,0,0,0,0,0,0,0,0,0,0,0,0,0,0,0,0,0,0,0
20190429,0,0,0,0,0,0,0,0,0,0,0,0,0,0,0,0,0,0,0,0,0,0,0,0,0,0,0,0,0,0,0,0,0,0,0,0,0,0,0,0,0,0,0,0,0,0
20190430,0,0,0,0,0,0,0,0,0,0,0,0,0,0,0,0,0,0,0,0,0,0,0,0,0,0,0,0,0,0,0,0,0,0,0,0,0,0,0,0,0,0,0,0,0,0
20190501,0,0,0,0,0,0,0,0,0,0,0,0,0,0,0,0,0,0,0,0,0,0,0,0,0,0,0,0,0,0,0,0,0,0,0,0,0,0,0,0,0,0,0,0,0,0
20190502,0,0,0,0,0,0,0,0,0,0,0,0,0,0,0,0,0,0,0,0,0,0,0,0,0,0,0,0,0,0,0,0,0,0,0,0,0,0,0,0,0,0,0,0,0,0
20190503,0,0,0,0,0,0,0,0,0,0,0,0,0,0,0,0,0,0,0,0,0,0,0,0,0,0,0,0,0,0,0,0,0,0,0,0,0,0,0,0,0,0,0,0,0,0
20190504,0,0,0,0,0,0,0,0,0,0,0,0,0,0,0,0,0,0,0,0,0,0,0,0,0,0,0,0,0,0,0,0,0,0,0,0,0,0,0,0,0,0,0,0,0,0
20190505,0,0,0,0,0,0,0,0,0,0,0,0,0,0,0,0,0,0,0,0,0,0,0,0,0,0,0,0,0,0,0,0,0,0,0,0,0,0,0,0,0,0,0,0,0,0
20190506,0,0,0,0,0,0,0,0,0,0,0,0,0,0,0,0,0,0,0,0,0,0,0,0,0,0,0,0,0,0,0,0,0,0,0,0,0,0,0,0,0,0,0,0,0,0
20190507,0,0,0,0,0,0,0,0,0,0,0,0,0,0,0,0,0,0,0,0,0,0,0,0,0,0,0,0,0,0,0,0,0,0,0,0,0,0,0,0,0,0,0,0,0,0
20190508,0,0,0,0,0,0,0,0,0,0,0,0,0,0,0,0,0,0,0,0,0,0,0,0,0,0,0,0,0,0,0,0,0,0,0,0,0,0,0,0,0,0,0,0,0,0
20190509,538,127,341,102,567,242,1186,165,539,75,490,531,61,279,187,0,0,0,0,0,0,0,0,0,0,0,0,0,0,0,0,0,0,0,0,0,0,0,0,0,0,0,0,0,0,0
20190510,903,187,715,195,788,639,1809,206,821,156,725,1023,109,584,243,0,0,0,0,0,0,0,0,0,0,0,0,0,0,0,0,0,0,0,0,0,0,0,0,0,0,0,0,0,0,0
20190511,887,176,578,113,657,392,1808,212,827,132,717,547,92,653,208,0,0,0,0,0,0,0,0,0,0,0,0,0,0,0,0,0,0,0,0,0,0,0,0,0,0,0,0,0,0,0
20190512,597,175,475,83,559,490,1568,218,664,107,622,506,88,513,192,0,0,0,0,0,0,0,0,0,0,0,0,0,0,0,0,0,0,0,0,0,0,0,0,0,0,0,0,0,0,0
20190513,722,204,576,247,736,518,1887,257,776,116,696,1043,79,717,307,0,0,0,0,0,0,0,0,0,0,0,0,0,0,0,0,0,0,0,0,0,0,0,0,0,0,0,0,0,0,0
20190514,731,220,618,249,807,354,1870,208,728,259,659,1072,81,769,277,0,0,0,0,0,0,0,0,0,0,0,0,0,0,0,0,0,0,0,0,0,0,0,0,0,0,0,0,0,0,0
20190515,819,252,741,203,803,400,1998,273,760,574,686,1141,59,750,277,0,0,0,0,0,0,0,0,0,0,0,0,0,0,0,0,0,0,0,0,0,0,0,0,0,0,0,0,0,0,0
20190516,865,213,624,234,825,549,1880,235,758,639,776,883,124,790,287,0,0,0,0,0,0,0,0,0,0,0,0,0,0,0,0,0,0,0,0,0,0,0,0,0,0,0,0,0,0,0
20190517,1164,205,761,238,831,584,2056,251,1015,905,823,943,102,748,247,0,0,0,0,0,0,0,0,0,0,0,0,0,0,0,0,0,0,0,0,0,0,0,0,0,0,0,0,0,0,0
20190518,1013,221,730,159,742,610,1986,220,880,605,711,566,44,667,201,0,0,0,0,0,0,0,0,0,0,0,0,0,0,0,0,0,0,0,0,0,0,0,0,0,0,0,0,0,0,0
20190519,835,200,525,151,628,491,1560,175,782,493,658,450,84,558,158,0,0,0,0,0,0,0,0,0,0,0,0,0,0,0,0,0,0,0,0,0,0,0,0,0,0,0,0,0,0,0
20190520,1038,198,719,172,829,399,1933,296,856,785,798,840,92,720,295,0,0,0,0,0,0,0,0,0,0,0,0,0,0,0,0,0,0,0,0,0,0,0,0,0,0,0,0,0,0,0
20190521,738,191,564,183,814,222,1595,180,685,501,610,885,85,345,317,0,0,0,0,0,0,0,0,0,0,0,0,0,0,0,0,0,0,0,0,0,0,0,0,0,0,0,0,0,0,0
20190522,1008,207,708,200,787,414,1993,216,799,636,731,985,86,0,267,0,0,0,0,0,0,0,0,0,0,0,0,0,0,0,0,0,0,0,0,0,0,0,0,0,0,0,0,0,0,0
20190523,1276,192,933,198,795,424,1783,205,1120,687,817,980,76,0,299,0,0,0,0,0,0,0,0,0,0,0,0,0,0,0,0,0,0,0,0,0,0,0,0,0,0,0,0,0,0,0
20190524,935,211,753,212,716,427,1827,139,1142,555,731,899,93,0,273,0,0,0,0,0,0,0,0,0,0,0,0,0,0,0,0,0,0,0,0,0,0,0,0,0,0,0,0,0,0,0
20190525,871,196,653,126,632,625,1695,185,1242,565,760,486,99,0,165,0,0,0,0,0,0,0,0,0,0,0,0,0,0,0,0,0,0,0,0,0,0,0,0,0,0,0,0,0,0,0
20190526,702,173,526,147,569,359,1584,206,1041,416,639,430,95,0,155,0,0,0,0,0,0,0,0,0,0,0,0,0,0,0,0,0,0,0,0,0,0,0,0,0,0,0,0,0,0,0
20190527,666,161,520,124,554,465,1585,146,916,470,596,383,133,0,146,0,0,0,0,0,0,0,0,0,0,0,0,0,0,0,0,0,0,0,0,0,0,0,0,0,0,0,0,0,0,0
20190528,955,196,618,181,823,552,1735,193,1080,681,675,804,98,0,199,0,0,0,0,0,0,0,0,0,0,0,0,0,0,0,0,0,0,0,0,0,0,0,0,0,0,0,0,0,0,0
20190529,910,199,560,179,738,481,1870,196,1053,723,671,698,138,0,210,0,0,0,0,0,0,0,0,0,0,0,0,0,0,0,0,0,0,0,0,0,0,0,0,0,0,0,0,0,0,0
20190530,879,209,641,147,820,620,1773,208,1274,599,717,778,124,0,182,0,0,0,0,0,0,0,0,0,0,0,0,0,0,0,0,0,0,0,0,0,0,0,0,0,0,0,0,0,0,0
20190531,848,157,805,165,763,643,1877,102,1344,555,642,804,112,0,163,0,0,0,0,0,0,0,0,0,0,0,0,0,0,0,0,0,0,0,0,0,0,0,0,0,0,0,0,0,0,0
20190601,968,206,960,118,680,807,2011,84,1724,508,655,593,111,0,185,0,0,0,0,0,0,0,0,0,0,0,0,0,0,0,0,0,0,0,0,0,0,0,0,0,0,0,0,0,0,0
20190602,565,174,569,112,568,496,1374,66,824,466,660,443,110,0,180,0,0,0,0,0,0,0,0,0,0,0,0,0,0,0,0,0,0,0,0,0,0,0,0,0,0,0,0,0,0,0
20190603,870,195,532,195,843,922,1782,243,858,708,775,923,113,0,303,0,0,0,0,0,0,0,0,0,0,0,0,0,0,0,0,0,0,0,0,0,0,0,0,0,0,0,0,0,0,0
20190604,950,214,644,193,803,1036,1801,140,1033,712,725,741,168,0,292,0,0,0,0,0,0,0,0,0,0,0,0,0,0,0,0,0,0,0,0,0,0,0,0,0,0,0,0,0,0,0
20190605,1046,227,574,190,910,1379,1749,195,1268,769,753,832,175,0,279,0,0,0,0,0,0,0,0,0,0,0,0,0,0,0,0,0,0,0,0,0,0,0,0,0,0,0,0,0,0,0
20190606,850,218,603,238,794,1110,1858,199,1186,714,734,1000,106,0,282,0,0,0,0,0,0,0,0,0,0,0,0,0,0,0,0,0,0,0,0,0,0,0,0,0,0,0,0,0,0,0
20190607,943,193,586,226,903,1323,1868,222,1283,800,742,942,148,0,284,0,0,0,0,0,0,0,0,0,0,0,0,0,0,0,0,0,0,0,0,0,0,0,0,0,0,0,0,0,0,0
20190608,983,170,649,102,670,883,1838,93,1434,501,775,603,97,0,152,0,0,0,0,0,0,0,0,0,0,0,0,0,0,0,0,0,0,0,0,0,0,0,0,0,0,0,0,0,0,0
20190609,688,159,572,121,575,874,1706,11,1195,503,632,566,94,0,172,0,0,0,0,0,0,0,0,0,0,0,0,0,0,0,0,0,0,0,0,0,0,0,0,0,0,0,0,0,0,0
20190610,729,163,441,155,772,684,1519,0,1007,518,708,755,98,0,246,0,0,0,0,0,0,0,0,0,0,0,0,0,0,0,0,0,0,0,0,0,0,0,0,0,0,0,0,0,0,0
20190611,858,200,743,236,793,838,1591,0,1038,577,746,874,85,188,215,0,0,0,0,0,0,0,0,0,0,0,0,0,0,0,0,0,0,0,0,0,0,0,0,0,0,0,0,0,0,0
20190612,909,199,578,213,768,1088,1880,0,1400,637,776,901,96,484,267,0,0,0,0,0,0,0,0,0,0,0,0,0,0,0,0,0,0,0,0,0,0,0,0,0,0,0,0,0,0,0
20190613,859,219,503,193,785,1066,1651,0,1235,616,785,853,84,544,214,0,0,0,0,0,0,0,0,0,0,0,0,0,0,0,0,0,0,0,0,0,0,0,0,0,0,0,0,0,0,0
20190614,1001,209,707,143,958,1389,2004,0,1402,774,871,1082,109,381,272,0,0,0,0,0,0,0,0,0,0,0,0,0,0,0,0,0,0,0,0,0,0,0,0,0,0,0,0,0,0,0
20190615,898,215,516,131,784,1334,1836,4,1481,508,697,617,93,492,194,0,0,0,0,0,0,0,0,0,0,0,0,0,0,0,0,0,0,0,0,0,0,0,0,0,0,0,0,0,0,0
20190616,697,164,426,113,670,802,1673,0,1320,459,596,469,90,388,225,0,0,0,0,0,0,0,0,0,0,0,0,0,0,0,0,0,0,0,0,0,0,0,0,0,0,0,0,0,0,0
20190617,1003,223,593,213,879,1332,1942,0,1174,686,726,1138,135,368,337,0,0,0,0,0,0,0,0,0,0,0,0,0,0,0,0,0,0,0,0,0,0,0,0,0,0,0,0,0,0,0
20190618,857,179,575,157,815,1442,1687,0,829,727,679,989,122,184,247,0,0,0,0,0,0,0,0,0,0,0,0,0,0,0,0,0,0,0,0,0,0,0,0,0,0,0,0,0,0,0
20190619,961,240,637,197,876,999,1852,0,1441,809,654,923,138,233,154,0,0,0,0,0,0,0,0,0,0,0,0,0,0,0,0,0,0,0,0,0,0,0,0,0,0,0,0,0,0,0
20190620,934,225,649,198,879,1432,1755,0,1469,577,711,984,90,186,233,0,0,0,0,0,0,0,0,0,0,0,0,0,0,0,0,0,0,0,0,0,0,0,0,0,0,0,0,0,0,0
20190621,1058,186,672,182,943,1211,1844,0,1146,617,749,1018,145,247,217,0,0,0,0,0,0,0,0,0,0,0,0,0,0,0,0,0,0,0,0,0,0,0,0,0,0,0,0,0,0,0
20190622,893,199,630,137,667,1017,1920,0,1041,615,763,644,86,476,192,0,0,0,0,0,0,0,0,0,0,0,0,0,0,0,0,0,0,0,0,0,0,0,0,0,0,0,0,0,0,0
20190623,703,164,477,116,593,912,1581,0,1382,528,662,491,81,93,130,0,0,0,0,0,0,0,0,0,0,0,0,0,0,0,0,0,0,0,0,0,0,0,0,0,0,0,0,0,0,0
20190624,990,218,492,176,774,1342,1807,0,1475,701,689,868,115,54,184,0,0,0,0,0,0,0,0,0,0,0,0,0,0,0,0,0,0,0,0,0,0,0,0,0,0,0,0,0,0,0
20190625,969,219,506,164,800,935,1927,0,1143,808,763,943,100,79,212,0,0,0,0,0,0,0,0,0,0,0,0,0,0,0,0,0,0,0,0,0,0,0,0,0,0,0,0,0,0,0
20190626,924,216,544,160,744,1347,1971,142,1158,889,716,878,119,418,191,0,0,0,0,0,0,0,0,0,0,0,0,0,0,0,0,0,0,0,0,0,0,0,0,0,0,0,0,0,0,0
20190627,858,220,600,185,670,1055,1690,503,1168,706,676,995,138,277,249,0,0,0,0,0,0,0,0,0,0,0,0,0,0,0,0,0,0,0,0,0,0,0,0,0,0,0,0,0,0,0
20190628,932,225,691,181,659,911,1881,658,1350,793,709,1047,83,325,217,0,0,0,0,0,0,0,0,0,0,0,0,0,0,0,0,0,0,0,0,0,0,0,0,0,0,0,0,0,0,0
20190629,767,204,517,153,515,624,1755,158,1373,443,624,558,91,454,170,0,0,0,0,0,0,0,0,0,0,0,0,0,0,0,0,0,0,0,0,0,0,0,0,0,0,0,0,0,0,0
20190630,697,155,500,110,517,657,1686,144,1125,420,535,501,86,383,177,0,0,0,0,0,0,0,0,0,0,0,0,0,0,0,0,0,0,0,0,0,0,0,0,0,0,0,0,0,0,0
20190701,783,239,556,212,800,1130,1729,167,1252,678,723,926,100,569,212,0,0,0,0,0,0,0,0,0,0,0,0,0,0,0,0,0,0,0,0,0,0,0,0,0,0,0,0,0,0,0
20190702,941,224,512,164,826,1033,1716,216,1132,623,651,901,143,591,223,0,0,0,0,0,0,0,0,0,0,0,0,0,0,0,0,0,0,0,0,0,0,0,0,0,0,0,0,0,0,0
20190703,939,185,556,153,784,1010,1743,186,995,561,700,945,122,616,283,0,0,0,0,0,0,0,0,0,0,0,0,0,0,0,0,0,0,0,0,0,0,0,0,0,0,0,0,0,0,0
20190704,839,240,545,198,581,922,1704,229,1014,549,625,951,107,366,186,0,0,0,0,0,0,0,0,0,0,0,0,0,0,0,0,0,0,0,0,0,0,0,0,0,0,0,0,0,0,0
20190705,730,199,533,185,477,941,1860,278,809,546,631,994,71,517,249,0,0,0,0,0,0,0,0,0,0,0,0,0,0,0,0,0,0,0,0,0,0,0,0,0,0,0,0,0,0,0
20190706,842,216,466,128,493,1493,2173,287,2016,485,695,582,178,517,168,0,0,0,0,0,0,0,0,0,0,0,0,0,0,0,0,0,0,0,0,0,0,0,0,0,0,0,0,0,0,0
20190707,713,187,454,122,449,1193,1834,265,1981,442,633,540,154,494,120,0,0,0,0,0,0,0,0,0,0,0,0,0,0,0,0,0,0,0,0,0,0,0,0,0,0,0,0,0,0,0
20190708,855,209,537,226,696,1563,1934,362,1879,541,717,1077,160,620,160,0,0,0,0,0,0,0,0,0,0,0,0,0,0,0,0,0,0,0,0,0,0,0,0,0,0,0,0,0,0,0
20190709,887,231,567,149,766,1571,1879,260,1986,532,825,1244,137,672,232,0,0,0,0,0,0,0,0,0,0,0,0,0,0,0,0,0,0,0,0,0,0,0,0,0,0,0,0,0,0,0
20190710,891,262,502,157,591,942,2114,351,1027,550,818,1106,157,612,214,0,0,0,0,0,0,0,0,0,0,0,0,0,0,0,0,0,0,0,0,0,0,0,0,0,0,0,0,0,0,0
20190711,960,264,476,180,607,879,1815,337,934,1123,718,961,156,570,175,0,0,0,0,0,0,0,0,0,0,0,0,0,0,0,0,0,0,0,0,0,0,0,0,0,0,0,0,0,0,0
20190712,928,252,535,205,589,1615,1896,244,1823,959,737,847,204,586,196,0,0,0,0,0,0,0,0,0,0,0,0,0,0,0,0,0,0,0,0,0,0,0,0,0,0,0,0,0,0,0
20190713,952,216,476,163,548,1601,1902,248,1860,496,789,567,89,489,159,0,0,0,0,0,0,0,0,0,0,0,0,0,0,0,0,0,0,0,0,0,0,0,0,0,0,0,0,0,0,0
20190714,687,210,438,113,402,1308,1563,186,856,350,630,596,80,377,154,0,0,0,0,0,0,0,0,0,0,0,0,0,0,0,0,0,0,0,0,0,0,0,0,0,0,0,0,0,0,0
20190715,964,285,495,201,678,1483,2081,316,1154,607,786,1050,197,567,263,0,0,0,0,0,0,0,0,0,0,0,0,0,0,0,0,0,0,0,0,0,0,0,0,0,0,0,0,0,0,0
20190716,954,251,427,221,626,1404,1995,362,1824,1088,793,1101,219,648,256,0,0,0,0,0,0,0,0,0,0,0,0,0,0,0,0,0,0,0,0,0,0,0,0,0,0,0,0,0,0,0
20190717,931,276,431,186,650,1326,2020,339,1559,638,796,919,201,662,221,0,0,0,0,0,0,0,0,0,0,0,0,0,0,0,0,0,0,0,0,0,0,0,0,0,0,0,0,0,0,0
20190718,922,252,439,215,564,1457,1935,339,1026,610,813,958,200,534,273,0,0,0,0,0,0,0,0,0,0,0,0,0,0,0,0,0,0,0,0,0,0,0,0,0,0,0,0,0,0,0
20190719,961,203,460,189,612,1235,1830,310,1048,553,804,959,148,621,178,0,0,0,0,0,0,0,0,0,0,0,0,0,0,0,0,0,0,0,0,0,0,0,0,0,0,0,0,0,0,0
20190720,809,240,456,155,425,1251,1839,275,1776,455,727,648,60,533,214,0,0,0,0,0,0,0,0,0,0,0,0,0,0,0,0,0,0,0,0,0,0,0,0,0,0,0,0,0,0,0
20190721,689,197,379,126,436,1077,1605,246,1158,359,745,565,105,487,140,0,0,0,0,0,0,0,0,0,0,0,0,0,0,0,0,0,0,0,0,0,0,0,0,0,0,0,0,0,0,0
20190722,845,253,496,205,482,2639,1874,360,702,606,710,956,104,520,178,0,0,0,0,0,0,0,0,0,0,0,0,0,0,0,0,0,0,0,0,0,0,0,0,0,0,0,0,0,0,0
20190723,703,236,572,157,543,2689,1658,256,667,476,759,955,117,440,156,0,0,0,0,0,0,0,0,0,0,0,0,0,0,0,0,0,0,0,0,0,0,0,0,0,0,0,0,0,0,0
20190724,771,215,482,179,430,3273,1750,245,697,544,646,905,104,319,169,0,0,0,0,0,0,0,0,0,0,0,0,0,0,0,0,0,0,0,0,0,0,0,0,0,0,0,0,0,0,0
20190725,629,197,437,95,518,2847,1408,180,1295,505,604,728,103,216,119,0,0,0,0,0,0,0,0,0,0,0,0,0,0,0,0,0,0,0,0,0,0,0,0,0,0,0,0,0,0,0
20190726,888,204,579,153,569,3744,1945,170,1778,554,695,784,164,204,165,0,0,0,0,0,0,0,0,0,0,0,0,0,0,0,0,0,0,0,0,0,0,0,0,0,0,0,0,0,0,0
20190727,716,171,368,161,365,3389,1644,223,766,349,665,391,273,352,117,0,0,0,0,0,0,0,0,0,0,0,0,0,0,0,0,0,0,0,0,0,0,0,0,0,0,0,0,0,0,0
20190728,541,131,406,126,381,2436,1416,224,652,309,613,498,114,354,109,0,0,0,0,0,0,0,0,0,0,0,0,0,0,0,0,0,0,0,0,0,0,0,0,0,0,0,0,0,0,0
20190729,791,211,543,142,378,2983,1748,219,1550,489,684,836,74,488,159,0,0,0,0,0,0,0,0,0,0,0,0,0,0,0,0,0,0,0,0,0,0,0,0,0,0,0,0,0,0,0
20190730,778,167,513,146,461,3218,1663,215,1608,469,725,863,101,430,143,0,0,0,0,0,0,0,0,0,0,0,0,0,0,0,0,0,0,0,0,0,0,0,0,0,0,0,0,0,0,0
20190731,748,251,523,152,570,3806,2071,277,1920,567,776,1015,180,497,146,0,0,0,0,0,0,0,0,0,0,0,0,0,0,0,0,0,0,0,0,0,0,0,0,0,0,0,0,0,0,0
20190801,901,264,453,184,557,3505,1937,297,1624,1121,772,1071,197,489,180,0,0,0,0,0,0,0,0,0,0,0,0,0,0,0,0,0,0,0,0,0,0,0,0,0,0,0,0,0,0,0
20190802,1047,190,509,148,569,3806,1854,311,913,1146,749,890,108,485,177,0,0,0,0,0,0,0,0,0,0,0,0,0,0,0,0,0,0,0,0,0,0,0,0,0,0,0,0,0,0,0
20190803,727,225,498,151,438,4367,1958,228,1296,497,715,594,119,258,157,0,0,0,0,0,0,0,0,0,0,0,0,0,0,0,0,0,0,0,0,0,0,0,0,0,0,0,0,0,0,0
20190804,586,147,428,125,380,3088,1524,198,1608,376,682,467,145,87,155,0,0,0,0,0,0,0,0,0,0,0,0,0,0,0,0,0,0,0,0,0,0,0,0,0,0,0,0,0,0,0
20190805,793,211,505,148,475,3548,1818,176,1174,549,688,832,138,437,141,0,0,0,0,0,0,0,0,0,0,0,0,0,0,0,0,0,0,0,0,0,0,0,0,0,0,0,0,0,0,0
20190806,504,213,543,174,550,3631,1781,161,923,533,676,786,133,512,158,0,0,0,0,0,0,0,0,0,0,0,0,0,0,0,0,0,0,0,0,0,0,0,0,0,0,0,0,0,0,0
20190807,675,176,525,160,500,3488,1865,176,1371,472,759,788,199,378,127,0,0,0,0,0,0,0,0,0,0,0,0,0,0,0,0,0,0,0,0,0,0,0,0,0,0,0,0,0,0,0
20190808,641,213,361,154,486,3356,1820,134,1462,496,654,771,170,360,133,0,0,0,0,0,0,0,0,0,0,0,0,0,0,0,0,0,0,0,0,0,0,0,0,0,0,0,0,0,0,0
20190809,797,173,221,128,453,3194,1693,205,719,455,752,722,83,426,155,0,0,0,0,0,0,0,0,0,0,0,0,0,0,0,0,0,0,0,0,0,0,0,0,0,0,0,0,0,0,0
20190810,741,146,224,110,384,3401,1695,219,889,419,706,575,254,475,153,0,0,0,0,0,0,0,0,0,0,0,0,0,0,0,0,0,0,0,0,0,0,0,0,0,0,0,0,0,0,0
20190811,475,132,180,137,271,2863,1443,177,1379,351,527,467,119,453,91,0,0,0,0,0,0,0,0,0,0,0,0,0,0,0,0,0,0,0,0,0,0,0,0,0,0,0,0,0,0,0
20190812,744,220,342,84,375,3670,1777,210,1774,477,688,787,91,599,152,0,0,0,0,0,0,0,0,0,0,0,0,0,0,0,0,0,0,0,0,0,0,0,0,0,0,0,0,0,0,0
20190813,735,242,402,114,374,3376,1723,209,1568,551,675,796,106,565,132,0,0,0,0,0,0,0,0,0,0,0,0,0,0,0,0,0,0,0,0,0,0,0,0,0,0,0,0,0,0,0
20190814,557,140,117,78,389,1722,1427,188,1350,187,455,473,74,269,51,0,0,0,0,0,0,0,0,0,0,0,0,0,0,0,0,0,0,0,0,0,0,0,0,0,0,0,0,0,0,0
20190815,812,194,911,105,426,3665,1892,280,1719,472,659,799,109,496,132,0,0,0,0,0,0,0,0,0,0,0,0,0,0,0,0,0,0,0,0,0,0,0,0,0,0,0,0,0,0,0
20190816,865,149,356,112,454,3146,1585,188,1493,402,609,566,128,468,172,0,0,0,0,0,0,0,0,0,0,0,0,0,0,0,0,0,0,0,0,0,0,0,0,0,0,0,0,0,0,0
20190817,657,123,508,94,248,3298,1652,193,1545,423,537,532,65,291,124,0,0,0,0,0,0,0,0,0,0,0,0,0,0,0,0,0,0,0,0,0,0,0,0,0,0,0,0,0,0,0
20190818,538,121,354,80,272,2498,1439,216,1403,318,550,583,123,379,105,0,0,0,0,0,0,0,0,0,0,0,0,0,0,0,0,0,0,0,0,0,0,0,0,0,0,0,0,0,0,0
20190819,832,193,567,129,399,3110,1737,252,1621,452,646,733,155,507,112,0,0,0,0,0,0,0,0,0,0,0,0,0,0,0,0,0,0,0,0,0,0,0,0,0,0,0,0,0,0,0
20190820,752,190,665,118,350,2855,1832,240,1343,446,574,913,162,515,144,0,0,0,0,0,0,0,0,0,0,0,0,0,0,0,0,0,0,0,0,0,0,0,0,0,0,0,0,0,0,0
20190821,659,205,528,130,385,2968,1832,201,930,435,681,787,112,462,158,0,0,0,0,0,0,0,0,0,0,0,0,0,0,0,0,0,0,0,0,0,0,0,0,0,0,0,0,0,0,0
20190822,588,180,550,135,373,2617,1800,196,1340,495,633,740,119,491,104,0,0,0,0,0,0,0,0,0,0,0,0,0,0,0,0,0,0,0,0,0,0,0,0,0,0,0,0,0,0,0
20190823,622,165,650,116,319,2542,1631,140,1576,470,588,798,77,273,129,0,0,0,0,0,0,0,0,0,0,0,0,0,0,0,0,0,0,0,0,0,0,0,0,0,0,0,0,0,0,0
20190824,463,156,501,89,270,3046,1606,170,985,361,564,448,132,237,137,0,0,0,0,0,0,0,0,0,0,0,0,0,0,0,0,0,0,0,0,0,0,0,0,0,0,0,0,0,0,0
20190825,435,131,384,88,213,2063,1154,150,497,286,416,467,60,326,86,0,0,0,0,0,0,0,0,0,0,0,0,0,0,0,0,0,0,0,0,0,0,0,0,0,0,0,0,0,0,0
20190826,365,146,431,99,203,1942,1112,152,557,292,442,535,54,63,79,0,0,0,0,0,0,0,0,0,0,0,0,0,0,0,0,0,0,0,0,0,0,0,0,0,0,0,0,0,0,0
20190827,593,190,470,102,399,2798,1611,123,755,400,532,686,148,71,136,0,0,0,0,0,0,0,0,0,0,0,0,0,0,0,0,0,0,0,0,0,0,0,0,0,0,0,0,0,0,0
20190828,703,198,454,104,446,3129,1738,196,1408,490,895,636,137,0,135,0,0,0,0,0,0,0,0,0,0,0,0,0,0,0,0,0,0,0,0,0,0,0,0,0,0,0,0,0,0,0
20190829,672,239,511,127,424,2495,1549,190,1342,493,712,773,82,1,128,0,0,0,0,0,0,0,0,0,0,0,0,0,0,0,0,0,0,0,0,0,0,0,0,0,0,0,0,0,0,0
20190830,788,219,637,120,429,3065,1697,200,1616,477,1068,803,110,0,177,0,0,0,0,0,0,0,0,0,0,0,0,0,0,0,0,0,0,0,0,0,0,0,0,0,0,0,0,0,0,0
20190831,680,171,476,107,381,2834,1599,188,1713,385,1148,648,114,0,126,0,0,0,0,0,0,0,0,0,0,0,0,0,0,0,0,0,0,0,0,0,0,0,0,0,0,0,0,0,0,0
20190901,516,176,443,97,233,1611,1327,205,1335,311,386,570,78,0,97,0,0,0,0,0,0,0,0,0,0,0,0,0,0,0,0,0,0,0,0,0,0,0,0,0,0,0,0,0,0,0
20190902,746,203,574,134,344,2370,1835,210,1598,444,692,917,110,0,112,0,0,0,0,0,0,0,0,0,0,0,0,0,0,0,0,0,0,0,0,0,0,0,0,0,0,0,0,0,0,0
20190903,730,172,1103,121,298,2744,1698,212,1586,475,694,997,143,0,140,0,0,0,0,0,0,0,0,0,0,0,0,0,0,0,0,0,0,0,0,0,0,0,0,0,0,0,0,0,0,0
20190904,742,200,559,162,295,2377,1767,439,1626,545,667,1036,97,0,181,0,0,0,0,0,0,0,0,0,0,0,0,0,0,0,0,0,0,0,0,0,0,0,0,0,0,0,0,0,0,0
20190905,656,204,520,152,466,2239,1776,295,1466,467,626,952,105,0,159,0,0,0,0,0,0,0,0,0,0,0,0,0,0,0,0,0,0,0,0,0,0,0,0,0,0,0,0,0,0,0
20190906,853,235,571,194,549,3019,1861,254,1778,468,726,960,160,0,148,0,0,0,0,0,0,0,0,0,0,0,0,0,0,0,0,0,0,0,0,0,0,0,0,0,0,0,0,0,0,0
20190907,747,200,612,142,443,2977,1780,260,1827,374,708,633,183,0,123,0,0,0,0,0,0,0,0,0,0,0,0,0,0,0,0,0,0,0,0,0,0,0,0,0,0,0,0,0,0,0
20190908,517,171,520,120,352,1949,1653,207,986,335,592,604,101,0,118,0,0,0,0,0,0,0,0,0,0,0,0,0,0,0,0,0,0,0,0,0,0,0,0,0,0,0,0,0,0,0
20190909,709,174,453,222,550,2565,1672,232,960,383,720,1064,164,0,125,0,0,0,0,0,0,0,0,0,0,0,0,0,0,0,0,0,0,0,0,0,0,0,0,0,0,0,0,0,0,0
20190910,573,120,303,140,228,2410,1158,123,744,416,416,692,146,0,98,0,0,0,0,0,0,0,0,0,0,0,0,0,0,0,0,0,0,0,0,0,0,0,0,0,0,0,0,0,0,0
20190911,796,227,593,174,526,2568,2005,295,1749,372,662,1215,87,0,161,112,212,240,19,112,0,0,0,0,0,0,0,0,0,0,0,0,0,0,0,0,0,0,0,0,0,0,0,0,0,0
20190912,825,217,635,197,493,2677,2159,301,1083,465,703,1263,125,0,176,187,433,393,42,169,0,0,0,0,0,0,0,0,0,0,0,0,0,0,0,0,0,0,0,0,0,0,0,0,0,0
20190913,874,209,1328,188,472,2683,2212,255,951,471,680,1308,85,0,142,140,381,457,13,134,0,0,0,0,0,0,0,0,0,0,0,0,0,0,0,0,0,0,0,0,0,0,0,0,0,0
20190914,773,190,584,137,339,2689,2140,243,1668,399,611,762,81,0,116,103,273,407,16,86,0,0,0,0,0,0,0,0,0,0,0,0,0,0,0,0,0,0,0,0,0,0,0,0,0,0
20190915,617,171,522,129,319,2054,1802,215,1635,365,647,612,88,0,121,76,173,353,22,92,0,0,0,0,0,0,0,0,0,0,0,0,0,0,0,0,0,0,0,0,0,0,0,0,0,0
20190916,857,231,690,210,427,3310,2306,260,1304,495,836,1100,155,0,237,173,429,518,24,157,0,0,0,0,0,0,0,0,0,0,0,0,0,0,0,0,0,0,0,0,0,0,0,0,0,0
20190917,674,228,623,157,462,2505,2416,283,984,498,685,1202,98,0,193,161,375,439,25,119,0,0,0,0,0,0,0,0,0,0,0,0,0,0,0,0,0,0,0,0,0,0,0,0,0,0
20190918,729,241,579,209,456,2426,2327,316,1815,542,662,1270,104,1,128,200,278,430,31,131,0,0,0,0,0,0,0,0,0,0,0,0,0,0,0,0,0,0,0,0,0,0,0,0,0,0
20190919,714,236,580,165,414,2655,2188,307,1756,513,608,1300,118,0,147,186,299,409,27,99,0,0,0,0,0,0,0,0,0,0,0,0,0,0,0,0,0,0,0,0,0,0,0,0,0,0
20190920,785,222,690,173,473,3135,2537,292,1993,540,704,1368,79,0,197,89,409,504,31,125,0,0,0,0,0,0,0,0,0,0,0,0,0,0,0,0,0,0,0,0,0,0,0,0,0,0
20190921,696,199,650,131,341,2898,1989,241,1763,473,652,730,143,0,160,70,198,427,13,104,0,0,0,0,0,0,0,0,0,0,0,0,0,0,0,0,0,0,0,0,0,0,0,0,0,0
20190922,608,139,461,146,316,1833,1535,216,1553,296,575,489,117,0,163,75,220,309,19,139,0,0,0,0,0,0,0,0,0,0,0,0,0,0,0,0,0,0,0,0,0,0,0,0,0,0
20190923,1194,240,605,204,451,2667,2626,307,1764,529,744,1138,92,0,171,131,278,400,29,146,0,0,0,0,0,0,0,0,0,0,0,0,0,0,0,0,0,0,0,0,0,0,0,0,0,0
20190924,1227,232,617,205,561,2806,2401,360,2061,425,789,1143,87,0,183,120,311,390,39,177,0,0,0,0,0,0,0,0,0,0,0,0,0,0,0,0,0,0,0,0,0,0,0,0,0,0
20190925,1046,251,735,161,555,3067,2387,353,1412,549,736,1149,74,0,151,148,315,435,33,186,0,0,0,0,0,0,0,0,0,0,0,0,0,0,0,0,0,0,0,0,0,0,0,0,0,0
20190926,1145,253,740,195,555,3079,2423,319,959,567,705,1177,51,0,177,154,272,452,36,154,0,0,0,0,0,0,0,0,0,0,0,0,0,0,0,0,0,0,0,0,0,0,0,0,0,0
20190927,1037,205,739,203,548,2811,2155,319,1729,510,628,1016,70,0,184,71,304,425,28,186,0,0,0,0,0,0,0,0,0,0,0,0,0,0,0,0,0,0,0,0,0,0,0,0,0,0
20190928,919,224,547,107,445,3405,2099,235,1996,413,692,669,71,0,157,64,214,441,23,163,0,0,0,0,0,0,0,0,0,0,0,0,0,0,0,0,0,0,0,0,0,0,0,0,0,0
20190929,603,155,409,95,305,1268,1608,220,1753,236,542,447,42,0,104,42,174,62,22,13,0,0,0,0,0,0,0,0,0,0,0,0,0,0,0,0,0,0,0,0,0,0,0,0,0,0
20190930,1134,205,519,175,432,2638,2254,265,1627,510,548,1067,66,0,168,105,307,123,17,30,0,0,0,0,0,0,0,0,0,0,0,0,0,0,0,0,0,0,0,0,0,0,0,0,0,0
20191001,1116,200,543,183,430,2606,2198,245,1738,389,655,964,59,0,191,111,331,197,30,35,0,0,0,0,0,0,0,0,0,0,0,0,0,0,0,0,0,0,0,0,0,0,0,0,0,0
20191002,1027,233,720,181,481,2828,2417,352,1915,501,633,1128,100,0,160,156,210,129,31,20,0,0,0,0,0,0,0,0,0,0,0,0,0,0,0,0,0,0,0,0,0,0,0,0,0,0
20191003,1243,228,667,190,521,3779,2454,364,2229,561,796,1218,152,0,187,179,388,162,39,40,0,0,0,0,0,0,0,0,0,0,0,0,0,0,0,0,0,0,0,0,0,0,0,0,0,0
20191004,1297,234,846,190,557,3528,2576,342,2385,590,788,1371,138,0,173,138,330,174,47,49,0,0,0,0,0,0,0,0,0,0,0,0,0,0,0,0,0,0,0,0,0,0,0,0,0,0
20191005,981,204,648,139,468,3283,2164,271,2268,470,695,861,236,0,172,93,286,108,28,36,0,0,0,0,0,0,0,0,0,0,0,0,0,0,0,0,0,0,0,0,0,0,0,0,0,0
20191006,546,141,444,107,289,1565,1562,192,1518,241,541,601,72,0,104,79,161,135,21,28,0,0,0,0,0,0,0,0,0,0,0,0,0,0,0,0,0,0,0,0,0,0,0,0,0,0
20191007,1241,211,573,192,434,3074,2223,315,2119,543,737,1181,103,0,178,152,411,250,32,68,0,0,0,0,0,0,0,0,0,0,0,0,0,0,0,0,0,0,0,0,0,0,0,0,0,0
20191008,1153,254,663,201,565,3334,2382,316,2201,534,806,1476,178,0,198,178,471,270,38,129,0,0,0,0,0,0,0,0,0,0,0,0,0,0,0,0,0,0,0,0,0,0,0,0,0,0
20191009,1133,236,653,208,511,3553,2543,314,2203,580,792,1447,198,0,191,166,410,499,55,305,0,0,0,0,0,0,0,0,0,0,0,0,0,0,0,0,0,0,0,0,0,0,0,0,0,0
20191010,1079,232,702,206,556,3253,2412,291,2052,489,851,1401,141,0,228,167,492,490,36,252,0,0,0,0,0,0,0,0,0,0,0,0,0,0,0,0,0,0,0,0,0,0,0,0,0,0
20191011,996,224,544,225,443,3054,1935,231,1632,501,691,1208,144,0,177,115,311,463,38,323,0,0,0,0,0,0,0,0,0,0,0,0,0,0,0,0,0,0,0,0,0,0,0,0,0,0
20191012,689,168,461,114,341,2313,1788,232,1776,265,656,627,76,0,105,77,150,502,22,284,0,0,0,0,0,0,0,0,0,0,0,0,0,0,0,0,0,0,0,0,0,0,0,0,0,0
20191013,599,188,542,94,353,1622,1646,234,1719,254,611,635,91,0,123,61,175,449,23,260,0,0,0,0,0,0,0,0,0,0,0,0,0,0,0,0,0,0,0,0,0,0,0,0,0,0
20191014,906,202,607,153,384,2698,2143,325,1888,487,734,1258,150,0,148,112,429,442,37,263,0,0,0,0,0,0,0,0,0,0,0,0,0,0,0,0,0,0,0,0,0,0,0,0,0,0
20191015,1381,249,821,180,450,3204,2612,375,2320,605,873,1451,144,0,189,142,366,507,39,302,0,0,0,0,0,0,0,0,0,0,0,0,0,0,0,0,0,0,0,0,0,0,0,0,0,0
20191016,1028,255,686,202,475,3495,2580,339,2216,531,757,1205,149,0,162,132,328,528,39,167,0,0,0,0,0,0,0,0,0,0,0,0,0,0,0,0,0,0,0,0,0,0,0,0,0,0
20191017,777,242,746,183,390,3274,2428,331,2125,544,761,1389,172,0,182,113,239,486,35,83,0,0,0,0,0,0,0,0,0,0,0,0,0,0,0,0,0,0,0,0,0,0,0,0,0,0
20191018,830,204,644,196,373,2721,2168,260,1740,375,726,1117,133,0,164,76,217,438,16,98,0,0,0,0,0,0,0,0,0,0,0,0,0,0,0,0,0,0,0,0,0,0,0,0,0,0
20191019,828,168,613,128,335,2904,2146,223,2008,347,648,744,158,0,149,71,236,448,23,251,0,0,0,0,0,0,0,0,0,0,0,0,0,0,0,0,0,0,0,0,0,0,0,0,0,0
20191020,727,171,586,114,292,2550,1794,212,1699,358,643,641,125,0,109,108,310,483,30,246,0,0,0,0,0,0,0,0,0,0,0,0,0,0,0,0,0,0,0,0,0,0,0,0,0,0
20191021,791,205,547,141,444,2702,2364,247,1966,430,674,940,113,0,126,117,338,441,23,276,0,0,0,0,0,0,0,0,0,0,0,0,0,0,0,0,0,0,0,0,0,0,0,0,0,0
20191022,971,224,613,141,418,3176,2479,240,1933,500,762,1029,224,64,169,152,372,467,31,217,0,0,0,0,0,0,0,0,0,0,0,0,0,0,0,0,0,0,0,0,0,0,0,0,0,0
20191023,747,183,504,137,404,3091,2370,296,1878,484,755,862,158,0,140,156,363,461,33,254,0,0,0,0,0,0,0,0,0,0,0,0,0,0,0,0,0,0,0,0,0,0,0,0,0,0
20191024,983,163,483,108,344,2721,1880,177,1382,482,746,815,92,0,107,112,323,401,19,247,0,0,0,0,0,0,0,0,0,0,0,0,0,0,0,0,0,0,0,0,0,0,0,0,0,0
20191025,745,213,656,96,413,2995,1508,210,1955,455,678,813,80,0,131,92,285,485,17,281,0,0,0,0,0,0,0,0,0,0,0,0,0,0,0,0,0,0,0,0,0,0,0,0,0,0
20191026,635,146,368,97,335,2413,1694,126,1258,317,594,491,72,0,120,57,220,376,14,243,0,0,0,0,0,0,0,0,0,0,0,0,0,0,0,0,0,0,0,0,0,0,0,0,0,0
20191027,703,187,522,102,313,2115,1714,262,1530,371,564,687,78,0,96,43,94,455,16,184,0,0,0,0,0,0,0,0,0,0,0,0,0,0,0,0,0,0,0,0,0,0,0,0,0,0
20191028,901,238,717,123,400,3376,2389,261,1888,548,806,1227,140,0,185,125,306,473,25,269,0,0,0,0,0,0,0,0,0,0,0,0,0,0,0,0,0,0,0,0,0,0,0,0,0,0
20191029,1176,239,697,165,430,3425,2327,257,1823,602,778,1250,121,0,155,110,338,470,45,256,0,0,0,0,0,0,0,0,0,0,0,0,0,0,0,0,0,0,0,0,0,0,0,0,0,0
20191030,1043,229,604,156,466,3675,2483,234,1745,591,760,1413,90,0,163,168,334,486,32,269,0,0,0,0,0,0,0,0,0,0,0,0,0,0,0,0,0,0,0,0,0,0,0,0,0,0
20191031,1008,273,806,233,521,3546,2387,285,1930,621,862,1345,119,0,178,172,335,517,30,283,0,0,0,0,0,0,0,0,0,0,0,0,0,0,0,0,0,0,0,0,0,0,0,0,0,0
20191101,580,192,632,146,442,3282,2067,231,1351,499,690,1407,70,0,145,29,316,544,24,128,47,416,59,68,49,81,78,0,0,0,0,0,0,0,0,0,0,0,0,0,0,0,0,0,0,0
20191102,681,145,410,89,414,2315,1524,158,1402,353,609,566,105,0,106,3,187,523,3,88,0,101,8,43,25,81,120,0,0,0,0,0,0,0,0,0,0,0,0,0,0,0,0,0,0,0
20191103,376,135,397,90,260,1451,1344,167,1356,236,445,515,38,0,112,0,159,936,22,34,53,106,46,54,38,55,89,0,0,0,0,0,0,0,0,0,0,0,0,0,0,0,0,0,0,0
20191104,981,207,666,145,480,2710,2146,251,1909,551,638,1177,51,0,146,98,278,622,23,240,127,510,88,245,95,203,491,0,0,0,0,0,0,0,0,0,0,0,0,0,0,0,0,0,0,0
20191105,1020,191,483,105,454,2812,2037,234,1480,554,843,1334,48,0,132,305,336,639,23,282,97,425,57,259,53,184,409,0,0,0,0,0,0,0,0,0,0,0,0,0,0,0,0,0,0,0
20191106,800,202,618,141,445,3152,2205,249,1729,536,682,1263,71,0,126,229,323,637,25,249,50,518,53,235,51,256,417,0,0,0,0,0,0,0,0,0,0,0,0,0,0,0,0,0,0,0
20191107,848,210,604,131,553,3098,2084,212,1716,570,754,1231,29,0,171,271,338,798,26,263,144,495,0,276,74,197,505,0,0,0,0,0,0,0,0,0,0,0,0,0,0,0,0,0,0,0
20191108,678,180,615,132,422,2895,1902,242,1365,512,723,1160,67,0,117,289,284,122,66,42,134,461,0,176,52,195,404,0,0,0,0,0,0,0,0,0,0,0,0,0,0,0,0,0,0,0
20191109,374,191,543,63,399,2519,1977,185,1422,353,573,777,122,0,137,200,259,0,52,0,91,119,0,66,29,76,129,0,0,0,0,0,0,0,0,0,0,0,0,0,0,0,0,0,0,0
20191110,491,186,531,83,334,2519,1644,182,1560,311,523,619,32,0,79,84,174,0,99,0,69,106,0,78,49,47,108,0,0,0,0,0,0,0,0,0,0,0,0,0,0,0,0,0,0,0
20191111,736,185,528,136,414,2782,1933,217,1481,574,584,1242,38,0,138,272,297,406,130,140,60,479,70,236,81,199,473,0,0,0,0,0,0,0,0,0,0,0,0,0,0,0,0,0,0,0
20191112,700,197,580,140,397,2853,2040,172,1688,493,522,1240,86,0,140,178,311,609,134,251,127,531,74,0,74,136,396,0,0,0,0,0,0,0,0,0,0,0,0,0,0,0,0,0,0,0
20191113,737,206,718,134,525,3433,2215,227,1869,589,590,1364,59,0,135,189,0,656,102,257,99,535,126,70,91,157,413,0,0,0,0,0,0,0,0,0,0,0,0,0,0,0,0,0,0,0
20191114,677,168,598,125,424,2571,1812,186,1054,338,492,1106,41,0,120,124,77,615,53,165,62,91,23,201,100,109,322,78,29,12,43,451,1,45,11,13,41,194,64,8,23,0,0,0,0,0
20191115,596,187,610,181,389,2998,1900,186,1240,527,578,1032,42,0,133,27,26,667,22,222,5,31,39,184,99,39,93,230,105,45,105,465,2,137,52,57,228,483,88,30,44,0,0,0,0,0
20191116,725,190,632,124,388,3420,2241,168,1952,343,546,768,53,0,120,1,16,646,7,269,4,12,49,87,38,18,29,56,11,14,69,86,0,83,81,50,55,301,68,47,50,0,0,0,0,0
20191117,486,199,491,95,385,2427,1803,154,1759,361,526,619,79,0,95,13,13,588,10,281,1,2,71,81,114,15,19,135,53,21,39,84,0,70,31,43,72,152,61,55,46,0,0,0,0,0
20191118,910,210,610,153,401,3332,2172,161,1858,620,631,1228,66,0,154,23,14,601,34,345,9,32,78,252,216,34,135,140,49,36,122,436,5,99,55,54,281,177,62,42,51,0,0,0,0,0
20191119,814,210,674,92,410,3197,2300,203,2000,510,675,1298,71,0,147,31,15,616,21,395,5,31,590,211,197,11,70,160,73,22,100,404,4,108,99,55,220,191,101,40,55,0,0,0,0,0
20191120,828,237,655,120,482,3602,2378,207,2080,456,639,1131,95,0,161,26,37,570,20,270,5,14,40,178,56,29,118,155,96,33,122,298,6,54,74,55,238,258,151,36,57,410,31,92,76,0
20191121,883,202,728,133,471,3625,2096,308,2111,537,626,1266,88,0,126,43,25,653,20,248,1,24,117,261,21,30,126,181,119,49,100,504,7,107,41,66,291,237,153,44,53,555,85,149,97,0
20191122,431,180,643,148,431,3313,2044,236,1734,425,559,1109,52,0,119,29,24,667,24,252,6,55,220,288,3,35,108,201,46,47,117,483,5,104,53,38,225,209,58,33,41,430,63,73,93,0
20191123,589,171,499,118,414,3169,1996,196,1529,361,473,671,23,0,111,28,14,615,15,367,2,11,23,100,2,10,35,197,47,22,66,98,1,66,43,37,70,181,89,23,27,164,53,59,51,0
20191124,529,161,507,109,352,2224,1974,189,1774,279,460,824,38,0,104,6,14,524,14,388,0,12,33,97,3,16,16,174,46,22,74,99,0,96,51,40,71,151,66,55,43,193,44,48,65,0
20191125,833,165,487,139,431,2841,1932,213,1336,418,528,1156,55,0,155,48,16,477,28,741,2,89,223,219,6,25,124,225,78,44,115,500,5,90,36,71,262,204,94,34,48,460,43,73,87,130
20191126,420,172,448,157,424,2679,1831,259,1437,401,576,1118,31,0,163,38,21,130,26,453,5,70,240,5,4,39,134,237,122,48,149,505,5,94,64,71,260,208,105,36,38,456,54,88,111,555
20191127,537,163,465,154,392,2924,1915,230,1110,372,477,894,23,0,143,12,35,130,33,235,7,82,143,2,6,20,108,183,31,24,129,470,7,94,16,56,239,203,112,37,49,358,46,91,110,595
20191128,600,185,392,143,387,2776,1762,217,880,366,639,977,45,0,133,37,25,133,28,170,3,53,99,6,3,20,119,205,69,38,118,483,17,88,9,48,221,191,85,40,40,247,26,61,90,483
20191129,539,184,853,139,406,3816,2325,198,1827,432,519,1110,68,0,134,26,15,73,31,241,3,19,104,1,7,26,68,126,52,13,87,444,18,24,14,33,154,185,70,41,40,399,40,94,73,627
20191130,595,149,452,83,398,3247,2164,183,1879,326,603,668,54,0,123,9,4,0,7,3,0,3,14,0,3,10,24,148,38,5,70,92,7,0,0,20,46,164,48,38,39,181,27,42,39,5
20191201,458,125,455,97,275,2325,1784,157,1792,213,506,571,50,0,109,6,5,42,26,200,7,5,15,0,2,6,16,117,33,8,49,83,8,64,19,15,46,161,55,25,27,153,24,55,52,460
20191202,610,171,532,115,349,2999,2147,219,2174,446,645,1242,69,0,108,33,6,63,16,220,10,31,113,2,15,17,68,120,39,12,94,466,56,79,28,53,195,169,73,41,35,472,37,96,84,587
20191203,748,201,517,112,419,3374,2173,182,2274,485,657,1301,55,0,145,22,13,52,18,282,0,26,46,2,5,22,67,179,79,26,99,406,78,0,0,38,224,172,89,55,39,534,65,103,104,571
20191204,717,177,581,122,365,3438,2193,152,2147,332,619,1131,123,0,122,10,11,47,39,194,6,34,57,2,6,19,109,111,44,20,107,399,71,87,13,43,234,200,103,47,41,464,38,101,86,600
20191205,790,189,911,132,420,3311,1984,185,2040,465,571,1313,201,0,151,21,7,66,39,229,5,21,70,0,7,34,98,202,63,32,124,421,43,99,37,40,239,224,133,56,59,519,56,95,87,561
20191206,615,169,513,173,368,2824,1464,209,1455,359,515,1013,66,0,129,60,8,155,25,200,2,13,14,1,5,22,57,187,94,30,109,439,42,60,15,44,182,206,115,31,46,184,32,77,88,550
20191207,1575,287,1064,152,391,3506,3029,173,2289,524,657,697,101,0,183,12,5,60,6,203,6,5,11,0,3,25,15,166,45,12,72,84,10,84,35,23,65,189,96,51,39,188,37,57,59,607
20191208,511,152,427,63,346,2395,1530,115,2043,250,612,616,32,0,110,14,8,47,6,206,1,11,34,0,3,13,10,111,51,9,46,73,6,57,8,13,62,195,57,41,38,188,31,72,44,473
20191209,970,210,655,143,462,4096,1938,239,2287,633,717,1238,72,0,140,48,9,94,21,337,10,11,35,3,0,42,80,120,66,10,103,421,93,76,15,64,246,247,74,52,50,513,71,154,70,540
20191210,660,194,488,143,349,3215,1445,212,1549,520,561,1085,57,0,106,31,8,101,12,180,5,14,92,3,5,9,62,180,89,23,61,403,77,54,25,51,218,258,122,48,48,432,68,49,74,482
20191211,684,218,488,168,374,3818,1828,212,2250,445,650,1222,55,0,142,20,13,108,29,154,8,14,86,3,8,29,57,184,67,28,75,386,81,73,42,35,223,179,106,39,44,495,42,116,81,501
20191212,809,203,432,104,337,2749,1121,173,1457,423,607,903,44,0,131,43,13,93,29,131,8,12,24,1,5,50,65,164,64,45,100,397,65,64,37,47,218,217,112,39,38,237,45,90,89,444
20191213,635,169,498,102,281,2821,1406,199,1957,335,530,781,29,0,70,16,9,91,18,279,5,9,56,1,3,16,68,120,41,19,59,302,50,56,30,37,187,129,42,50,45,403,41,66,48,526
20191214,633,154,452,108,308,2620,1750,156,2552,300,575,500,40,0,111,1,6,67,18,169,4,1,17,1,2,9,11,113,45,6,47,90,11,66,18,19,58,161,48,33,38,141,32,36,47,560
20191215,447,138,344,78,261,2128,1426,179,1986,274,576,361,35,0,98,9,2,41,17,166,3,3,16,1,3,12,16,104,45,15,49,84,14,64,29,20,77,145,37,34,34,127,35,60,47,464
20191216,541,216,444,196,470,2805,1663,219,1896,399,613,985,65,0,213,35,8,72,31,211,10,25,90,13,7,19,74,178,114,27,67,398,65,96,20,50,269,176,103,42,48,373,59,84,102,557
20191217,594,211,260,131,353,2480,1244,186,1487,290,569,806,51,0,159,10,9,128,20,158,9,16,95,4,4,24,84,158,84,23,98,315,79,72,14,54,218,193,73,26,48,285,32,82,95,436
20191218,609,175,379,114,390,2886,1546,152,1913,327,478,814,45,0,178,12,34,69,33,255,9,15,63,3,6,19,96,145,67,20,86,313,50,83,40,43,206,194,142,47,34,316,53,92,96,473
20191219,531,164,285,146,376,2647,1484,205,1623,288,610,611,20,0,184,18,10,113,22,212,4,9,72,5,2,24,98,142,75,26,91,132,19,68,9,51,190,203,88,37,32,352,26,93,83,423
20191220,495,141,349,155,346,2361,1235,185,1611,172,334,420,20,0,135,9,12,118,23,108,3,4,61,4,1,12,59,143,53,18,70,110,21,80,6,27,126,179,61,31,31,176,29,73,68,481
20191221,524,158,328,88,340,2390,1539,180,1870,177,510,365,135,0,133,4,8,64,25,162,0,5,14,0,3,5,20,123,52,2,48,96,5,11,2,25,40,178,39,27,34,130,37,46,46,498
20191222,449,123,229,62,270,1749,1219,143,1716,185,490,312,29,0,128,4,6,50,15,116,1,3,13,0,2,6,11,124,35,11,68,68,12,47,4,23,46,139,54,39,27,112,36,57,66,363
20191223,592,133,306,81,304,2575,1323,162,2011,203,534,475,53,0,123,4,7,71,28,259,6,4,22,2,10,12,48,74,41,8,50,85,13,63,13,21,58,165,42,29,30,255,48,83,101,467
20191224,417,121,230,78,314,1454,1165,143,1504,164,635,311,39,0,124,9,5,72,14,190,2,3,12,0,2,14,24,162,40,15,58,62,14,82,7,20,49,189,57,35,39,150,63,73,81,425
20191225,127,149,151,45,127,142,485,86,777,59,182,184,30,0,44,2,4,40,11,107,2,1,10,1,2,5,13,17,31,8,31,87,6,21,4,16,37,105,34,18,16,90,36,73,46,258
20191226,212,71,93,59,167,176,675,98,845,106,392,182,15,0,75,1,2,42,7,67,0,1,7,3,3,1,10,72,24,6,29,62,10,41,16,14,44,91,39,34,12,150,21,46,34,259
20191227,281,165,453,114,242,2141,1300,104,1742,207,396,318,20,0,118,4,4,45,10,134,2,2,18,2,3,7,24,128,36,15,46,63,14,68,46,34,52,139,66,37,35,156,49,75,71,353
20191228,299,146,297,92,238,2425,1366,135,1837,201,410,291,48,0,71,3,2,30,4,146,2,2,4,0,2,5,11,142,27,7,42,63,11,64,17,35,69,128,47,53,43,115,49,46,59,414
20191229,376,120,1383,60,250,2120,1168,125,1728,208,435,343,130,0,104,7,2,20,2,120,0,0,12,0,7,1,8,92,27,16,50,64,18,0,0,22,45,113,75,44,24,145,40,64,41,368
20191230,422,148,366,79,284,2746,1266,103,1861,224,417,401,67,0,107,4,3,43,11,188,0,2,21,0,4,10,22,56,35,9,54,87,12,51,10,14,83,122,41,41,44,201,36,76,72,437
20191231,426,188,381,109,332,1989,1315,131,1780,256,508,457,78,0,145,11,3,46,6,131,3,2,22,0,9,6,33,121,48,13,67,76,19,76,33,23,89,153,66,37,48,239,71,96,65,518
20200101,245,156,311,71,320,1192,1011,140,1355,162,560,371,176,0,110,6,4,34,0,113,1,1,6,2,4,3,10,111,31,11,40,70,8,57,20,52,78,170,52,45,50,169,54,55,29,300
20200102,299,139,385,146,409,2846,1396,158,1833,278,535,534,99,0,156,21,8,52,5,185,2,1,29,1,3,6,45,176,66,18,69,107,11,71,17,48,103,166,117,54,57,341,72,87,88,445
20200103,397,137,466,146,278,2450,1337,119,1851,256,471,473,49,0,112,15,7,67,14,111,6,3,20,1,3,8,35,117,63,10,68,133,11,68,17,26,77,111,61,28,31,262,60,78,85,486
20200104,565,151,404,94,344,2480,1618,149,2106,306,581,496,86,0,115,6,4,57,5,240,1,1,22,0,4,15,14,156,58,4,74,67,13,87,26,41,73,168,69,65,46,165,85,55,59,460
20200105,380,177,396,100,419,1570,1321,155,1816,256,410,462,71,0,107,13,1,37,3,347,2,0,32,1,4,5,14,183,70,17,42,81,15,61,10,54,76,119,80,56,41,158,91,60,64,460
20200106,562,186,582,164,467,2841,1589,186,1836,426,714,1140,107,0,153,59,15,90,10,279,4,7,64,2,8,33,97,189,132,38,140,423,104,92,22,96,285,205,132,62,65,354,129,105,104,490
20200107,591,188,834,137,466,0,1617,156,1792,443,608,1099,74,0,229,22,6,56,21,268,3,6,66,6,4,40,113,194,101,41,104,441,91,111,36,55,267,214,134,74,63,404,129,113,122,520
20200108,588,233,504,130,513,0,1600,254,1836,511,783,1064,81,0,198,21,14,78,18,226,4,8,49,3,2,21,86,200,90,29,109,414,116,96,52,90,271,221,167,70,68,463,115,153,99,502
20200109,507,167,410,156,365,0,1254,190,1380,492,624,665,72,0,128,25,25,92,20,155,6,7,109,3,8,35,87,145,94,33,118,472,88,92,28,40,236,154,131,23,60,272,92,108,102,478
20200110,613,221,641,171,419,0,1613,255,2087,566,645,946,84,0,107,23,18,58,17,128,8,11,47,0,8,35,86,122,91,20,96,445,92,93,14,51,237,186,88,43,41,507,127,129,95,629
20200111,662,211,635,137,487,0,1791,238,2372,440,652,679,70,0,122,13,8,74,1,824,3,0,18,0,2,15,14,188,77,7,59,87,22,93,21,50,119,179,126,67,52,214,86,69,56,570
20200112,466,183,516,99,401,0,1421,208,2042,324,504,463,68,0,97,6,5,62,17,283,0,2,14,1,2,12,14,128,50,15,65,95,17,0,0,43,64,162,76,46,50,201,67,68,66,503
20200113,362,173,377,172,363,0,1525,173,1540,442,721,957,90,0,126,26,7,97,18,350,3,7,96,2,9,20,83,176,97,28,100,420,113,91,45,55,262,221,169,47,62,297,117,91,91,546
20200114,580,156,498,185,401,0,1525,172,1634,423,570,1038,89,0,114,32,15,75,28,254,7,8,103,1,8,19,78,158,100,39,107,409,98,89,26,41,232,190,172,63,62,342,143,84,101,519
20200115,468,186,614,128,429,52,1855,286,2169,474,687,1081,37,0,124,35,11,80,27,145,4,13,46,5,8,21,67,167,100,27,110,461,91,83,13,53,254,182,117,65,42,354,103,94,111,398
20200116,675,197,541,147,444,3177,1827,203,2041,472,813,1190,58,0,109,49,16,93,8,246,7,32,18,4,7,28,71,175,106,24,140,421,106,102,27,39,239,165,156,68,58,180,73,109,116,612
20200117,579,173,624,120,445,3375,1850,194,2246,428,483,1193,51,0,131,20,20,79,5,228,0,9,17,2,8,21,68,159,118,26,107,410,101,0,0,40,259,186,132,57,37,301,95,98,110,602
20200118,780,200,729,93,375,3654,1928,138,2714,353,580,711,112,0,81,12,10,79,3,388,2,10,11,1,3,26,19,95,41,7,86,115,16,87,4,21,98,162,46,48,32,222,77,64,39,577
20200119,534,167,671,92,331,2273,1518,191,2357,270,489,609,55,0,69,4,5,41,6,321,2,7,18,1,9,10,10,53,45,9,67,114,15,89,3,40,88,134,27,61,58,181,52,76,68,505
20200120,991,228,722,177,460,3466,2047,245,2418,515,653,1316,47,0,135,50,11,121,5,289,10,18,75,1,12,14,57,106,94,19,70,398,76,128,9,49,292,130,79,58,70,416,127,123,124,428
20200121,1116,196,660,165,476,3508,2216,151,2236,447,735,1380,59,0,127,33,6,97,5,306,5,14,64,1,9,15,97,148,115,29,114,350,108,113,26,69,215,185,136,79,68,396,142,115,143,548
20200122,775,200,408,140,404,3211,1877,223,1774,429,714,1185,22,0,108,38,18,136,10,240,4,16,157,5,1,37,86,214,130,29,111,446,113,104,32,54,251,203,209,53,93,367,111,103,144,552
20200123,1007,214,615,142,489,3525,2215,203,2267,477,727,1181,40,0,97,35,5,84,4,281,11,8,82,4,10,18,79,213,128,37,119,299,71,110,33,51,281,223,167,73,71,391,123,112,118,607
20200124,880,209,706,231,494,3869,2175,254,2370,436,778,1219,50,0,89,24,10,77,7,314,5,10,97,2,8,30,64,227,115,31,109,422,116,125,31,69,259,222,137,57,76,362,126,106,134,614
20200125,882,247,552,129,457,3381,1988,221,2499,388,772,681,95,0,137,8,5,57,1,311,2,0,11,0,2,11,8,192,103,21,67,75,14,83,12,68,79,168,154,77,59,139,43,65,68,661
20200126,525,136,433,92,320,1987,1545,168,1701,360,579,469,62,0,157,6,10,55,2,243,2,4,14,1,5,6,14,150,74,12,63,81,11,97,14,25,77,165,108,62,63,115,81,60,62,475
20200127,506,151,657,131,447,3111,1729,231,1684,401,708,1022,23,0,178,19,13,113,8,237,9,19,84,3,17,19,83,178,92,28,124,420,72,115,27,40,268,168,94,62,60,243,82,89,143,516
20200128,1176,239,605,111,550,3467,2076,201,2410,489,783,1377,94,0,131,24,18,63,6,240,12,12,42,0,8,14,75,136,74,15,114,448,96,92,11,47,266,216,103,77,61,553,118,148,169,541
20200129,1086,222,689,152,583,3757,2282,268,2427,519,767,1455,80,0,140,43,13,63,4,347,8,11,40,0,8,19,32,165,115,24,118,427,116,84,13,64,256,218,178,73,80,512,130,120,142,544
20200130,942,215,716,125,488,3280,1988,236,2103,486,827,1339,90,0,130,23,7,74,11,256,7,12,69,0,8,20,51,199,137,39,155,427,108,107,33,60,269,208,176,85,92,449,154,129,143,569
20200131,970,187,694,197,583,3812,2114,251,2412,536,847,1220,84,0,164,23,10,77,9,104,4,9,45,2,2,21,69,231,140,38,114,234,72,108,49,63,246,242,184,79,73,445,168,112,137,692
20200201,842,242,695,122,568,3728,1709,337,2730,514,738,801,174,0,192,15,8,48,2,0,4,9,17,0,6,10,11,155,75,10,52,123,24,105,10,43,113,206,83,68,45,234,87,76,68,650
20200202,573,180,488,98,431,2101,1690,226,2185,337,603,637,46,0,141,9,7,45,5,1,2,4,13,0,2,7,11,169,98,18,60,96,12,92,36,49,79,179,120,72,51,185,76,72,70,572
20200203,1243,59,755,176,623,3534,2259,269,2286,534,843,1433,74,0,229,31,11,72,3,0,14,9,55,2,6,28,47,261,104,45,150,411,116,132,32,75,266,229,181,75,98,544,138,164,153,547
20200204,1304,0,765,190,641,3610,2222,264,2307,500,857,1503,72,0,265,43,16,30,4,2,9,8,39,2,6,36,44,158,91,33,138,398,99,150,68,61,318,259,203,71,101,587,159,150,167,555
20200205,1040,0,771,188,623,3711,2253,259,2418,592,888,1351,147,0,269,21,16,48,7,2,4,7,32,4,11,17,141,250,117,24,137,410,117,144,44,24,170,237,204,64,97,493,123,147,158,578
20200206,964,0,768,156,495,3592,1880,234,2199,534,815,1224,112,0,205,18,8,34,9,1,4,15,28,1,9,18,37,174,107,24,107,435,113,88,5,54,257,229,117,71,67,472,101,129,161,556
20200207,1112,0,784,165,591,3957,1937,227,2285,510,743,1198,75,0,248,23,16,50,8,4,6,6,21,1,9,18,67,214,113,21,104,393,134,144,32,37,225,245,156,50,59,444,101,107,156,592
20200208,839,0,649,149,521,3613,1780,276,2720,483,739,635,81,0,175,10,7,29,5,2,2,8,19,0,2,15,17,169,98,13,101,134,22,132,30,52,104,222,100,70,52,218,100,67,88,691
20200209,471,0,439,92,312,1033,1028,143,1647,202,535,321,41,0,120,4,4,19,2,0,1,1,7,0,0,0,3,137,26,12,48,58,2,69,28,9,51,127,72,31,38,117,52,43,31,386
20200210,1063,0,517,173,433,3348,1663,221,2116,474,672,1195,55,0,223,21,15,33,7,3,10,16,47,0,9,23,37,189,105,25,124,428,97,130,26,48,237,200,130,54,52,421,93,96,164,386
20200211,1117,1,657,162,565,3462,1710,257,2207,600,783,1277,63,0,166,32,13,155,10,0,3,26,42,1,13,20,61,195,101,22,123,415,88,120,8,49,272,223,86,55,112,543,100,127,160,480
20200212,870,0,680,177,657,3585,1772,271,2175,543,823,1267,71,0,207,28,19,163,16,1,10,16,56,1,4,21,131,175,77,22,118,301,59,107,9,50,250,237,151,80,128,476,117,141,156,662
20200213,1016,0,536,167,463,3387,1948,246,2296,468,734,1123,41,0,210,23,11,75,15,2,2,8,42,1,4,17,52,188,101,37,103,224,81,87,20,48,244,163,150,64,112,454,117,107,185,927
20200214,1011,0,691,175,467,4030,2195,250,2459,546,800,1095,75,0,225,33,15,62,1,6,10,9,32,2,9,28,37,172,130,35,101,230,33,111,34,32,127,223,196,66,104,459,116,121,155,900
20200215,667,0,377,124,370,2602,1425,187,2074,288,558,401,67,0,177,8,5,37,6,7,1,1,4,0,3,2,7,167,78,22,59,80,19,70,25,15,56,159,85,52,70,136,70,58,61,504
20200216,519,0,426,66,339,1565,1385,164,2062,243,550,481,15,0,113,6,2,24,3,3,2,5,1,1,4,2,4,144,47,18,46,81,15,95,7,16,61,152,64,50,42,103,66,70,56,407
20200217,1082,0,571,91,482,3565,2016,244,2591,562,730,956,54,0,197,42,8,39,10,2,8,8,21,1,10,21,41,223,97,31,101,153,47,130,13,27,99,215,127,76,78,417,117,119,186,548
20200218,898,0,517,93,409,3450,1993,195,2054,546,761,880,85,0,166,54,12,36,8,6,8,9,52,2,9,22,31,241,113,21,86,149,25,140,53,22,110,151,162,59,83,370,125,98,177,492
20200219,925,0,469,83,372,3332,1888,196,1710,458,705,715,65,0,182,16,11,34,8,6,4,14,38,1,7,12,50,191,79,25,84,157,23,110,56,19,87,183,139,42,63,317,78,99,138,490
20200220,951,0,594,132,422,3248,1769,216,2041,412,686,782,29,0,152,18,15,29,6,6,3,7,33,1,7,9,45,186,81,20,81,153,27,107,33,13,85,189,131,41,65,304,91,127,137,467
20200221,1214,210,759,139,526,4167,2207,296,2461,539,792,909,49,0,205,22,12,34,12,2,5,1,27,3,10,16,25,236,97,31,88,129,16,139,69,28,92,221,175,64,72,441,151,115,136,530
20200222,809,234,670,140,497,3805,1992,220,2478,425,702,733,65,0,203,11,10,32,4,4,3,1,8,0,4,4,9,245,107,13,75,103,20,101,67,28,93,236,129,68,72,208,119,66,74,546
20200223,568,176,551,131,383,2377,1327,238,1940,330,592,546,21,0,163,10,6,33,3,0,3,6,7,0,0,6,10,182,62,18,49,94,28,125,29,18,76,184,93,61,41,168,73,65,111,503
20200224,693,207,523,194,489,3102,1844,307,2301,463,764,1090,22,0,126,12,15,52,5,0,6,17,13,1,6,18,32,213,100,35,133,399,112,149,78,33,219,213,204,52,69,459,139,142,189,448
20200225,614,204,511,187,489,3142,1928,224,1746,573,792,1064,101,0,185,19,22,42,14,8,9,15,70,2,10,33,42,190,99,29,145,476,103,126,65,26,239,173,192,40,84,408,141,117,183,554
20200226,744,229,676,177,511,3398,2101,286,2197,613,835,1220,35,0,166,19,20,27,10,3,7,10,27,2,10,29,45,184,72,29,148,450,112,136,13,37,238,221,231,68,56,525,158,153,161,536
20200227,644,221,505,182,539,3020,1793,273,2276,541,813,1183,80,0,155,16,40,37,9,1,11,12,20,3,6,16,31,128,72,23,126,272,66,171,9,20,193,206,149,66,48,405,118,172,197,553
20200228,497,164,440,154,510,2668,1674,234,1706,480,700,939,44,0,120,14,32,45,12,3,4,14,60,2,6,16,30,212,110,24,110,380,127,137,17,25,186,182,121,41,97,285,113,108,172,592
20200229,813,188,535,135,465,2772,1650,268,2776,446,732,590,54,0,148,5,15,95,2,0,2,5,8,0,5,7,16,131,51,5,73,106,21,108,4,23,57,177,109,71,30,184,81,65,71,555
20200301,538,172,553,128,392,2129,1431,289,2281,455,541,496,50,0,123,5,7,32,5,0,4,10,15,0,11,7,17,183,65,13,72,103,25,149,27,21,82,206,121,85,130,190,88,102,401,476
20200302,1136,250,606,222,529,3217,2061,308,2312,605,762,1206,36,0,159,13,16,23,8,3,4,7,37,1,15,13,56,221,102,31,131,407,81,104,24,19,215,219,175,75,82,527,182,182,178,559
20200303,1118,256,585,207,633,3252,2116,246,2437,541,775,1375,72,0,207,24,25,27,11,1,1,7,40,2,14,25,54,262,117,36,132,421,115,198,40,45,261,240,237,68,75,553,173,159,189,511
20200304,928,211,462,188,498,3051,2078,265,2117,473,814,1138,135,0,180,31,21,27,5,3,7,9,79,0,7,19,32,264,158,30,154,422,105,158,64,24,237,176,298,51,99,390,148,134,180,485
20200305,985,199,482,180,453,2791,1806,267,2135,442,769,1080,81,0,163,14,25,61,12,4,2,11,72,1,6,21,48,212,148,29,127,403,120,148,38,21,212,200,160,51,92,364,147,128,180,409
20200306,959,222,593,153,538,3533,2011,339,2316,682,701,1270,103,0,169,14,19,31,11,1,7,12,65,2,12,40,65,168,76,17,120,388,75,153,12,27,235,243,142,66,88,528,149,129,134,531
20200307,918,256,579,151,575,3697,2153,231,2727,394,802,772,98,0,136,10,9,25,2,1,2,2,12,1,1,8,7,224,114,21,73,83,11,88,26,25,102,247,176,70,58,184,113,68,93,527
20200308,699,155,492,127,371,2526,1624,243,2380,411,701,598,82,0,117,8,211,14,13,0,0,4,12,0,3,20,9,188,69,9,77,76,16,71,5,14,79,361,288,60,66,155,55,64,66,526
20200309,996,197,425,189,546,2740,1747,350,1776,584,768,1140,130,0,160,14,21,75,7,1,2,10,36,2,7,21,32,262,131,39,137,387,104,129,43,32,222,178,203,65,81,357,135,131,183,169
20200310,1070,205,663,229,549,3015,2017,320,2346,491,804,1180,73,0,212,17,21,70,8,3,2,6,70,3,13,21,54,234,119,32,136,261,82,132,38,30,263,242,216,61,83,458,137,142,200,95
20200311,976,251,735,180,550,2740,2009,348,2320,590,810,1258,95,0,176,18,29,89,13,0,5,8,67,2,9,39,76,210,107,29,139,401,108,161,40,23,251,250,233,71,83,521,150,171,187,11
20200312,880,224,599,149,541,2664,1687,308,2247,588,725,1167,96,0,149,19,9,69,22,4,11,14,74,3,8,38,110,205,97,21,142,474,70,206,46,32,267,264,139,60,76,511,126,136,127,84
20200313,1061,202,597,221,562,2861,1920,322,2333,521,788,1249,78,0,200,25,11,44,6,2,2,5,43,0,5,24,67,232,81,30,129,384,108,124,72,38,254,219,177,50,75,462,144,124,153,69
20200314,700,212,530,115,491,2442,1732,307,2376,383,767,571,74,0,171,9,11,82,5,3,0,1,16,0,2,11,19,182,96,24,96,98,29,152,45,21,82,217,119,39,44,201,112,84,119,126
20200315,475,154,302,122,291,1175,1225,234,1669,251,548,349,61,0,144,3,3,50,8,1,0,3,3,0,2,3,12,185,58,17,70,64,15,98,49,21,73,130,85,55,52,83,66,57,60,142
20200316,855,218,552,203,584,2289,1525,427,2034,573,733,1012,52,0,171,13,20,34,8,1,6,30,26,1,14,24,37,248,126,27,129,383,81,176,20,29,220,210,157,69,88,415,147,149,160,116
20200317,654,223,565,195,577,1610,1500,361,1913,394,801,930,63,0,268,20,18,30,9,2,4,3,33,2,9,14,31,266,128,38,133,354,96,206,47,30,217,236,208,74,64,445,183,138,175,292
20200318,547,200,405,144,462,1186,1129,227,1405,294,628,809,31,0,247,7,25,42,9,2,2,3,28,1,4,9,16,243,132,24,111,294,53,116,29,29,123,186,195,47,60,290,141,126,170,422
20200319,528,236,531,165,516,1083,1184,385,1594,342,772,750,63,0,203,12,17,22,13,7,2,9,25,0,7,17,31,285,132,24,106,280,60,156,58,36,122,210,155,69,66,341,143,131,194,95
20200320,539,234,443,162,535,999,1156,359,1546,304,764,762,44,0,221,14,15,29,5,5,3,3,14,1,5,15,20,283,118,18,141,229,60,202,42,32,131,222,138,76,62,350,130,149,148,124
20200321,415,176,409,122,320,643,884,258,1283,300,593,373,49,0,138,4,14,28,9,5,11,12,26,1,6,16,29,189,88,16,115,123,15,163,49,29,79,186,65,52,48,161,85,79,102,112
20200322,265,162,308,99,225,367,557,247,798,223,418,301,54,0,89,5,6,12,2,5,5,19,24,0,7,7,29,158,50,8,61,124,13,130,17,29,78,121,35,60,35,154,91,97,91,90
20200323,270,227,331,122,280,356,562,258,863,231,454,380,44,0,108,3,20,13,10,3,7,21,34,4,14,10,72,167,57,19,86,130,7,159,23,14,69,153,58,67,44,247,120,128,88,79
20200324,186,223,300,154,252,237,380,214,667,153,399,286,40,0,120,2,15,14,6,2,4,11,34,2,16,6,42,167,78,27,86,142,11,138,11,18,68,158,45,57,28,227,106,136,86,71
20200325,148,184,276,152,281,154,394,244,572,159,358,314,34,0,124,6,13,9,3,5,13,14,44,2,14,4,56,160,62,17,60,135,4,167,11,21,83,121,63,92,19,239,116,140,97,101
20200326,42,239,311,120,277,175,407,237,626,130,346,338,66,0,117,4,13,19,11,1,7,11,39,1,6,8,54,142,77,17,65,152,13,175,15,18,102,122,45,62,23,212,103,120,97,100
20200327,0,207,252,135,286,223,432,243,656,142,443,304,41,0,118,3,12,13,7,4,15,13,29,2,8,8,28,183,70,20,69,127,10,201,13,23,78,123,58,82,28,223,114,130,79,99
20200328,0,191,255,151,308,153,368,205,611,108,481,248,50,0,197,4,9,6,4,1,6,3,18,0,4,8,9,204,96,41,78,119,30,158,31,38,86,114,72,75,54,152,108,92,93,111
20200329,0,193,186,128,268,156,315,209,553,91,373,262,33,0,138,5,19,11,3,4,6,2,20,3,5,6,11,169,86,30,51,140,29,140,34,39,104,96,77,88,31,151,130,98,79,100
20200330,0,202,219,159,308,182,422,246,648,127,422,319,55,0,187,5,11,6,7,2,7,1,11,4,7,6,13,181,112,30,87,130,27,171,35,28,95,94,93,61,42,170,155,107,98,87
20200331,0,235,271,162,299,217,408,246,681,150,398,313,59,0,149,11,12,12,4,4,7,5,16,0,8,12,60,161,91,18,78,153,21,165,14,37,115,129,75,89,38,255,134,142,116,109
20200401,0,203,241,171,350,198,422,244,643,132,460,343,115,0,187,9,17,14,8,3,6,1,15,1,9,8,19,226,124,43,85,108,21,176,41,42,113,110,104,92,59,201,161,121,129,121
20200402,0,283,262,146,322,223,414,220,676,134,417,309,103,0,203,9,19,21,11,3,7,6,24,3,16,8,18,200,119,34,99,136,26,203,51,59,97,115,64,101,69,193,88,128,123,96
20200403,0,257,280,172,360,202,458,232,700,129,451,301,89,0,188,9,19,13,8,1,3,6,17,0,9,7,12,226,129,45,68,123,15,169,45,44,107,97,105,95,76,228,139,141,138,113
20200404,0,248,237,138,232,186,401,207,644,147,410,269,90,0,160,9,11,15,9,5,8,5,14,2,11,16,13,167,113,28,91,164,17,156,25,34,109,130,73,109,43,169,133,93,83,110
20200405,4,162,209,147,214,139,271,204,525,173,309,245,73,0,88,12,10,9,5,0,12,28,43,0,9,5,35,140,79,7,72,151,9,133,14,29,65,107,49,90,27,186,101,81,69,73
20200406,0,260,246,178,318,223,442,261,668,141,408,307,94,0,149,8,11,25,5,0,7,2,19,0,12,18,20,180,107,38,70,117,16,168,38,46,95,104,93,101,66,246,156,120,120,204
20200407,0,245,249,165,269,197,370,257,654,164,384,280,93,0,157,11,20,16,5,0,19,22,42,1,8,10,51,163,88,23,85,148,15,184,26,27,79,103,75,94,46,212,98,112,95,248
20200408,0,245,233,168,299,214,418,243,694,136,392,334,93,0,185,12,21,16,8,1,13,10,28,2,13,11,24,203,118,29,82,141,18,154,34,37,109,122,128,115,107,207,137,139,124,236
20200409,0,247,264,164,296,188,404,268,614,174,490,258,94,0,172,6,13,32,8,0,9,9,25,1,9,17,13,179,114,27,115,126,11,166,60,25,96,145,102,100,136,222,134,123,136,273
20200410,0,204,218,156,270,194,366,234,561,179,365,290,93,0,120,7,18,34,12,0,12,26,22,2,8,8,25,176,103,31,74,106,12,148,15,27,86,90,103,109,128,158,116,108,67,230
20200411,0,220,253,196,251,190,396,198,607,150,430,295,101,0,192,11,10,25,10,1,10,8,27,0,6,12,19,199,103,31,88,120,25,155,17,47,113,106,103,101,114,176,97,111,79,291
20200412,0,217,172,160,199,143,281,160,353,135,370,258,81,0,124,11,9,23,7,0,7,4,10,0,8,8,20,159,98,26,67,115,27,129,18,48,115,96,79,82,99,140,111,98,65,209
20200413,0,235,262,155,267,149,377,295,452,146,387,307,131,0,170,8,17,30,5,0,3,4,19,3,3,7,18,192,147,37,77,162,29,148,21,57,97,92,119,91,98,179,149,133,93,242
20200414,0,260,274,168,301,160,414,268,674,181,443,354,105,0,138,9,13,22,10,0,22,25,27,0,18,7,27,186,77,26,73,165,13,168,33,28,82,122,111,93,98,222,125,150,109,249
20200415,0,216,220,131,191,127,340,259,587,174,310,309,95,0,121,6,11,28,7,0,21,25,58,0,15,18,70,124,74,26,96,163,6,153,10,39,101,119,113,111,144,232,64,127,81,253
20200416,0,252,231,164,307,175,462,346,573,168,428,308,124,0,186,10,15,23,15,0,8,27,20,2,12,9,79,188,158,27,69,157,27,114,24,53,100,112,148,110,200,173,115,132,123,229
20200417,0,226,214,194,256,177,426,270,612,149,470,293,85,0,178,5,12,21,6,0,6,2,26,4,6,15,63,128,110,36,57,134,18,159,26,48,85,130,124,81,90,253,124,76,142,241
20200418,0,233,248,185,313,141,456,166,567,169,539,347,75,0,197,7,8,22,12,0,12,2,14,1,5,5,9,208,148,38,83,140,27,156,20,50,108,121,123,92,133,183,151,110,114,256
20200419,0,194,205,163,210,139,323,309,448,186,340,282,91,0,101,17,17,18,9,0,13,45,39,0,13,15,35,114,101,25,77,176,6,93,16,43,60,108,83,114,47,173,90,100,72,240
20200420,0,217,239,178,253,139,358,274,312,171,348,343,72,0,103,10,16,34,97,0,16,18,56,1,19,13,94,115,66,17,85,158,5,157,10,24,69,113,70,92,13,194,88,137,67,695
20200421,0,278,220,166,247,135,360,255,842,166,322,356,79,0,124,7,17,15,72,0,13,26,68,2,17,13,105,147,73,12,87,156,11,130,20,36,75,102,79,30,12,207,106,121,66,197
