{'13069': '0', '13070': '181', '13071': '470', '13072': '176', '13073': '340', '13074': '153', '13075': '298', '13076': '204', '13077': '560', '13078': '265', '13079': '367', '13080': '730', '13081': '147', '13082': '0', '13086': '329', '13345': '140', '13346': '206', '13347': '329', '13348': '166', '13350': '0', '13434': '206', '13435': '192', '13436': '657', '13437': '282', '13438': '215', '13444': '92', '13446': '174', '13454': '19', '13455': '1', '13456': '3', '13457': '1', '13458': '34', '13459': '0', '13460': '11', '13461': '2', '13462': '4', '13463': '4', '13464': '9', '13465': '25', '13466': '9', '13467': '15', '13470': '15', '13471': '2', '13472': '12', '13473': '10', '13478': '10'}
{'13069': '20190101', '13070': '20190101', '13071': '20190101', '13072': '20190101', '13073': '20190101', '13074': '20190101', '13075': '20190101', '13076': '20190101', '13077': '20190101', '13078': '20190101', '13079': '20190101', '13080': '20190101', '13081': '20190101', '13082': '20190101', '13086': '20190101', '13345': '20190101', '13346': '20190101', '13347': '20190101', '13348': '20190101', '13350': '20190101', '13434': '20190101', '13435': '20190101', '13436': '20190101', '13437': '20190101', '13438': '20190101', '13444': '20190101', '13446': '20190101', '13454': '20190101', '13455': '20190101', '13456': '20190101', '13457': '20190101', '13458': '20190101', '13459': '20190101', '13460': '20190101', '13461': '20190101', '13462': '20190101', '13463': '20190101', '13464': '20190101', '13465': '20190101', '13466': '20190101', '13467': '20190101', '13470': '20190101', '13471': '20190101', '13472': '20190101', '13473': '20190101', '13478': '20190101'}
,13069,13070,13071,13072,13073,13074,13075,13076,13077,13078,13079,13080,13081,13082,13086,13345,13346,13347,13348,13350,13434,13435,13436,13437,13438,13444,13446,13454,13455,13456,13457,13458,13459,13460,13461,13462,13463,13464,13465,13466,13467,13470,13471,13472,13473,13478
20190101,0,0,0,0,0,0,0,0,0,0,0,0,0,0,0,0,0,0,0,0,0,0,0,0,0,0,0,0,0,0,0,0,0,0,0,0,0,0,0,0,0,0,0,0,0,0
20190102,0,0,0,0,0,0,0,0,0,0,0,0,0,0,0,0,0,0,0,0,0,0,0,0,0,0,0,0,0,0,0,0,0,0,0,0,0,0,0,0,0,0,0,0,0,0
20190103,0,0,0,0,0,0,0,0,0,0,0,0,0,0,0,0,0,0,0,0,0,0,0,0,0,0,0,0,0,0,0,0,0,0,0,0,0,0,0,0,0,0,0,0,0,0
20190104,0,0,0,0,0,0,0,0,0,0,0,0,0,0,0,0,0,0,0,0,0,0,0,0,0,0,0,0,0,0,0,0,0,0,0,0,0,0,0,0,0,0,0,0,0,0
20190105,0,0,0,0,0,0,0,0,0,0,0,0,0,0,0,0,0,0,0,0,0,0,0,0,0,0,0,0,0,0,0,0,0,0,0,0,0,0,0,0,0,0,0,0,0,0
20190106,0,0,0,0,0,0,0,0,0,0,0,0,0,0,0,0,0,0,0,0,0,0,0,0,0,0,0,0,0,0,0,0,0,0,0,0,0,0,0,0,0,0,0,0,0,0
20190107,0,0,0,0,0,0,0,0,0,0,0,0,0,0,0,0,0,0,0,0,0,0,0,0,0,0,0,0,0,0,0,0,0,0,0,0,0,0,0,0,0,0,0,0,0,0
20190108,0,0,0,0,0,0,0,0,0,0,0,0,0,0,0,0,0,0,0,0,0,0,0,0,0,0,0,0,0,0,0,0,0,0,0,0,0,0,0,0,0,0,0,0,0,0
20190109,0,0,0,0,0,0,0,0,0,0,0,0,0,0,0,0,0,0,0,0,0,0,0,0,0,0,0,0,0,0,0,0,0,0,0,0,0,0,0,0,0,0,0,0,0,0
20190110,0,0,0,0,0,0,0,0,0,0,0,0,0,0,0,0,0,0,0,0,0,0,0,0,0,0,0,0,0,0,0,0,0,0,0,0,0,0,0,0,0,0,0,0,0,0
20190111,0,0,0,0,0,0,0,0,0,0,0,0,0,0,0,0,0,0,0,0,0,0,0,0,0,0,0,0,0,0,0,0,0,0,0,0,0,0,0,0,0,0,0,0,0,0
20190112,0,0,0,0,0,0,0,0,0,0,0,0,0,0,0,0,0,0,0,0,0,0,0,0,0,0,0,0,0,0,0,0,0,0,0,0,0,0,0,0,0,0,0,0,0,0
20190113,0,0,0,0,0,0,0,0,0,0,0,0,0,0,0,0,0,0,0,0,0,0,0,0,0,0,0,0,0,0,0,0,0,0,0,0,0,0,0,0,0,0,0,0,0,0
20190114,0,0,0,0,0,0,0,0,0,0,0,0,0,0,0,0,0,0,0,0,0,0,0,0,0,0,0,0,0,0,0,0,0,0,0,0,0,0,0,0,0,0,0,0,0,0
20190115,0,0,0,0,0,0,0,0,0,0,0,0,0,0,0,0,0,0,0,0,0,0,0,0,0,0,0,0,0,0,0,0,0,0,0,0,0,0,0,0,0,0,0,0,0,0
20190116,0,0,0,0,0,0,0,0,0,0,0,0,0,0,0,0,0,0,0,0,0,0,0,0,0,0,0,0,0,0,0,0,0,0,0,0,0,0,0,0,0,0,0,0,0,0
20190117,0,0,0,0,0,0,0,0,0,0,0,0,0,0,0,0,0,0,0,0,0,0,0,0,0,0,0,0,0,0,0,0,0,0,0,0,0,0,0,0,0,0,0,0,0,0
20190118,0,0,0,0,0,0,0,0,0,0,0,0,0,0,0,0,0,0,0,0,0,0,0,0,0,0,0,0,0,0,0,0,0,0,0,0,0,0,0,0,0,0,0,0,0,0
20190119,0,0,0,0,0,0,0,0,0,0,0,0,0,0,0,0,0,0,0,0,0,0,0,0,0,0,0,0,0,0,0,0,0,0,0,0,0,0,0,0,0,0,0,0,0,0
20190120,0,0,0,0,0,0,0,0,0,0,0,0,0,0,0,0,0,0,0,0,0,0,0,0,0,0,0,0,0,0,0,0,0,0,0,0,0,0,0,0,0,0,0,0,0,0
20190121,0,0,0,0,0,0,0,0,0,0,0,0,0,0,0,0,0,0,0,0,0,0,0,0,0,0,0,0,0,0,0,0,0,0,0,0,0,0,0,0,0,0,0,0,0,0
20190122,0,0,0,0,0,0,0,0,0,0,0,0,0,0,0,0,0,0,0,0,0,0,0,0,0,0,0,0,0,0,0,0,0,0,0,0,0,0,0,0,0,0,0,0,0,0
20190123,0,0,0,0,0,0,0,0,0,0,0,0,0,0,0,0,0,0,0,0,0,0,0,0,0,0,0,0,0,0,0,0,0,0,0,0,0,0,0,0,0,0,0,0,0,0
20190124,0,0,0,0,0,0,0,0,0,0,0,0,0,0,0,0,0,0,0,0,0,0,0,0,0,0,0,0,0,0,0,0,0,0,0,0,0,0,0,0,0,0,0,0,0,0
20190125,0,0,0,0,0,0,0,0,0,0,0,0,0,0,0,0,0,0,0,0,0,0,0,0,0,0,0,0,0,0,0,0,0,0,0,0,0,0,0,0,0,0,0,0,0,0
20190126,0,0,0,0,0,0,0,0,0,0,0,0,0,0,0,0,0,0,0,0,0,0,0,0,0,0,0,0,0,0,0,0,0,0,0,0,0,0,0,0,0,0,0,0,0,0
20190127,0,0,0,0,0,0,0,0,0,0,0,0,0,0,0,0,0,0,0,0,0,0,0,0,0,0,0,0,0,0,0,0,0,0,0,0,0,0,0,0,0,0,0,0,0,0
20190128,0,0,0,0,0,0,0,0,0,0,0,0,0,0,0,0,0,0,0,0,0,0,0,0,0,0,0,0,0,0,0,0,0,0,0,0,0,0,0,0,0,0,0,0,0,0
20190129,0,0,0,0,0,0,0,0,0,0,0,0,0,0,0,0,0,0,0,0,0,0,0,0,0,0,0,0,0,0,0,0,0,0,0,0,0,0,0,0,0,0,0,0,0,0
20190130,0,0,0,0,0,0,0,0,0,0,0,0,0,0,0,0,0,0,0,0,0,0,0,0,0,0,0,0,0,0,0,0,0,0,0,0,0,0,0,0,0,0,0,0,0,0
20190131,0,0,0,0,0,0,0,0,0,0,0,0,0,0,0,0,0,0,0,0,0,0,0,0,0,0,0,0,0,0,0,0,0,0,0,0,0,0,0,0,0,0,0,0,0,0
20190201,0,0,0,0,0,0,0,0,0,0,0,0,0,0,0,0,0,0,0,0,0,0,0,0,0,0,0,0,0,0,0,0,0,0,0,0,0,0,0,0,0,0,0,0,0,0
20190202,0,0,0,0,0,0,0,0,0,0,0,0,0,0,0,0,0,0,0,0,0,0,0,0,0,0,0,0,0,0,0,0,0,0,0,0,0,0,0,0,0,0,0,0,0,0
20190203,0,0,0,0,0,0,0,0,0,0,0,0,0,0,0,0,0,0,0,0,0,0,0,0,0,0,0,0,0,0,0,0,0,0,0,0,0,0,0,0,0,0,0,0,0,0
20190204,0,0,0,0,0,0,0,0,0,0,0,0,0,0,0,0,0,0,0,0,0,0,0,0,0,0,0,0,0,0,0,0,0,0,0,0,0,0,0,0,0,0,0,0,0,0
20190205,0,0,0,0,0,0,0,0,0,0,0,0,0,0,0,0,0,0,0,0,0,0,0,0,0,0,0,0,0,0,0,0,0,0,0,0,0,0,0,0,0,0,0,0,0,0
20190206,0,0,0,0,0,0,0,0,0,0,0,0,0,0,0,0,0,0,0,0,0,0,0,0,0,0,0,0,0,0,0,0,0,0,0,0,0,0,0,0,0,0,0,0,0,0
20190207,0,0,0,0,0,0,0,0,0,0,0,0,0,0,0,0,0,0,0,0,0,0,0,0,0,0,0,0,0,0,0,0,0,0,0,0,0,0,0,0,0,0,0,0,0,0
20190208,0,0,0,0,0,0,0,0,0,0,0,0,0,0,0,0,0,0,0,0,0,0,0,0,0,0,0,0,0,0,0,0,0,0,0,0,0,0,0,0,0,0,0,0,0,0
20190209,0,0,0,0,0,0,0,0,0,0,0,0,0,0,0,0,0,0,0,0,0,0,0,0,0,0,0,0,0,0,0,0,0,0,0,0,0,0,0,0,0,0,0,0,0,0
20190210,0,0,0,0,0,0,0,0,0,0,0,0,0,0,0,0,0,0,0,0,0,0,0,0,0,0,0,0,0,0,0,0,0,0,0,0,0,0,0,0,0,0,0,0,0,0
20190211,0,0,0,0,0,0,0,0,0,0,0,0,0,0,0,0,0,0,0,0,0,0,0,0,0,0,0,0,0,0,0,0,0,0,0,0,0,0,0,0,0,0,0,0,0,0
20190212,0,0,0,0,0,0,0,0,0,0,0,0,0,0,0,0,0,0,0,0,0,0,0,0,0,0,0,0,0,0,0,0,0,0,0,0,0,0,0,0,0,0,0,0,0,0
20190213,0,0,0,0,0,0,0,0,0,0,0,0,0,0,0,0,0,0,0,0,0,0,0,0,0,0,0,0,0,0,0,0,0,0,0,0,0,0,0,0,0,0,0,0,0,0
20190214,0,0,0,0,0,0,0,0,0,0,0,0,0,0,0,0,0,0,0,0,0,0,0,0,0,0,0,0,0,0,0,0,0,0,0,0,0,0,0,0,0,0,0,0,0,0
20190215,0,0,0,0,0,0,0,0,0,0,0,0,0,0,0,0,0,0,0,0,0,0,0,0,0,0,0,0,0,0,0,0,0,0,0,0,0,0,0,0,0,0,0,0,0,0
20190216,0,0,0,0,0,0,0,0,0,0,0,0,0,0,0,0,0,0,0,0,0,0,0,0,0,0,0,0,0,0,0,0,0,0,0,0,0,0,0,0,0,0,0,0,0,0
20190217,0,0,0,0,0,0,0,0,0,0,0,0,0,0,0,0,0,0,0,0,0,0,0,0,0,0,0,0,0,0,0,0,0,0,0,0,0,0,0,0,0,0,0,0,0,0
20190218,0,0,0,0,0,0,0,0,0,0,0,0,0,0,0,0,0,0,0,0,0,0,0,0,0,0,0,0,0,0,0,0,0,0,0,0,0,0,0,0,0,0,0,0,0,0
20190219,0,0,0,0,0,0,0,0,0,0,0,0,0,0,0,0,0,0,0,0,0,0,0,0,0,0,0,0,0,0,0,0,0,0,0,0,0,0,0,0,0,0,0,0,0,0
20190220,0,0,0,0,0,0,0,0,0,0,0,0,0,0,0,0,0,0,0,0,0,0,0,0,0,0,0,0,0,0,0,0,0,0,0,0,0,0,0,0,0,0,0,0,0,0
20190221,0,0,0,0,0,0,0,0,0,0,0,0,0,0,0,0,0,0,0,0,0,0,0,0,0,0,0,0,0,0,0,0,0,0,0,0,0,0,0,0,0,0,0,0,0,0
20190222,0,0,0,0,0,0,0,0,0,0,0,0,0,0,0,0,0,0,0,0,0,0,0,0,0,0,0,0,0,0,0,0,0,0,0,0,0,0,0,0,0,0,0,0,0,0
20190223,0,0,0,0,0,0,0,0,0,0,0,0,0,0,0,0,0,0,0,0,0,0,0,0,0,0,0,0,0,0,0,0,0,0,0,0,0,0,0,0,0,0,0,0,0,0
20190224,0,0,0,0,0,0,0,0,0,0,0,0,0,0,0,0,0,0,0,0,0,0,0,0,0,0,0,0,0,0,0,0,0,0,0,0,0,0,0,0,0,0,0,0,0,0
20190225,0,0,0,0,0,0,0,0,0,0,0,0,0,0,0,0,0,0,0,0,0,0,0,0,0,0,0,0,0,0,0,0,0,0,0,0,0,0,0,0,0,0,0,0,0,0
20190226,0,0,0,0,0,0,0,0,0,0,0,0,0,0,0,0,0,0,0,0,0,0,0,0,0,0,0,0,0,0,0,0,0,0,0,0,0,0,0,0,0,0,0,0,0,0
20190227,0,0,0,0,0,0,0,0,0,0,0,0,0,0,0,0,0,0,0,0,0,0,0,0,0,0,0,0,0,0,0,0,0,0,0,0,0,0,0,0,0,0,0,0,0,0
20190228,0,0,0,0,0,0,0,0,0,0,0,0,0,0,0,0,0,0,0,0,0,0,0,0,0,0,0,0,0,0,0,0,0,0,0,0,0,0,0,0,0,0,0,0,0,0
20190301,0,0,0,0,0,0,0,0,0,0,0,0,0,0,0,0,0,0,0,0,0,0,0,0,0,0,0,0,0,0,0,0,0,0,0,0,0,0,0,0,0,0,0,0,0,0
20190302,0,0,0,0,0,0,0,0,0,0,0,0,0,0,0,0,0,0,0,0,0,0,0,0,0,0,0,0,0,0,0,0,0,0,0,0,0,0,0,0,0,0,0,0,0,0
20190303,0,0,0,0,0,0,0,0,0,0,0,0,0,0,0,0,0,0,0,0,0,0,0,0,0,0,0,0,0,0,0,0,0,0,0,0,0,0,0,0,0,0,0,0,0,0
20190304,0,0,0,0,0,0,0,0,0,0,0,0,0,0,0,0,0,0,0,0,0,0,0,0,0,0,0,0,0,0,0,0,0,0,0,0,0,0,0,0,0,0,0,0,0,0
20190305,0,0,0,0,0,0,0,0,0,0,0,0,0,0,0,0,0,0,0,0,0,0,0,0,0,0,0,0,0,0,0,0,0,0,0,0,0,0,0,0,0,0,0,0,0,0
20190306,0,0,0,0,0,0,0,0,0,0,0,0,0,0,0,0,0,0,0,0,0,0,0,0,0,0,0,0,0,0,0,0,0,0,0,0,0,0,0,0,0,0,0,0,0,0
20190307,0,0,0,0,0,0,0,0,0,0,0,0,0,0,0,0,0,0,0,0,0,0,0,0,0,0,0,0,0,0,0,0,0,0,0,0,0,0,0,0,0,0,0,0,0,0
20190308,0,0,0,0,0,0,0,0,0,0,0,0,0,0,0,0,0,0,0,0,0,0,0,0,0,0,0,0,0,0,0,0,0,0,0,0,0,0,0,0,0,0,0,0,0,0
20190309,0,0,0,0,0,0,0,0,0,0,0,0,0,0,0,0,0,0,0,0,0,0,0,0,0,0,0,0,0,0,0,0,0,0,0,0,0,0,0,0,0,0,0,0,0,0
20190310,0,0,0,0,0,0,0,0,0,0,0,0,0,0,0,0,0,0,0,0,0,0,0,0,0,0,0,0,0,0,0,0,0,0,0,0,0,0,0,0,0,0,0,0,0,0
20190311,0,0,0,0,0,0,0,0,0,0,0,0,0,0,0,0,0,0,0,0,0,0,0,0,0,0,0,0,0,0,0,0,0,0,0,0,0,0,0,0,0,0,0,0,0,0
20190312,0,0,0,0,0,0,0,0,0,0,0,0,0,0,0,0,0,0,0,0,0,0,0,0,0,0,0,0,0,0,0,0,0,0,0,0,0,0,0,0,0,0,0,0,0,0
20190313,0,0,0,0,0,0,0,0,0,0,0,0,0,0,0,0,0,0,0,0,0,0,0,0,0,0,0,0,0,0,0,0,0,0,0,0,0,0,0,0,0,0,0,0,0,0
20190314,0,0,0,0,0,0,0,0,0,0,0,0,0,0,0,0,0,0,0,0,0,0,0,0,0,0,0,0,0,0,0,0,0,0,0,0,0,0,0,0,0,0,0,0,0,0
20190315,0,0,0,0,0,0,0,0,0,0,0,0,0,0,0,0,0,0,0,0,0,0,0,0,0,0,0,0,0,0,0,0,0,0,0,0,0,0,0,0,0,0,0,0,0,0
20190316,0,0,0,0,0,0,0,0,0,0,0,0,0,0,0,0,0,0,0,0,0,0,0,0,0,0,0,0,0,0,0,0,0,0,0,0,0,0,0,0,0,0,0,0,0,0
20190317,0,0,0,0,0,0,0,0,0,0,0,0,0,0,0,0,0,0,0,0,0,0,0,0,0,0,0,0,0,0,0,0,0,0,0,0,0,0,0,0,0,0,0,0,0,0
20190318,0,0,0,0,0,0,0,0,0,0,0,0,0,0,0,0,0,0,0,0,0,0,0,0,0,0,0,0,0,0,0,0,0,0,0,0,0,0,0,0,0,0,0,0,0,0
20190319,0,0,0,0,0,0,0,0,0,0,0,0,0,0,0,0,0,0,0,0,0,0,0,0,0,0,0,0,0,0,0,0,0,0,0,0,0,0,0,0,0,0,0,0,0,0
20190320,0,0,0,0,0,0,0,0,0,0,0,0,0,0,0,0,0,0,0,0,0,0,0,0,0,0,0,0,0,0,0,0,0,0,0,0,0,0,0,0,0,0,0,0,0,0
20190321,0,0,0,0,0,0,0,0,0,0,0,0,0,0,0,0,0,0,0,0,0,0,0,0,0,0,0,0,0,0,0,0,0,0,0,0,0,0,0,0,0,0,0,0,0,0
20190322,0,0,0,0,0,0,0,0,0,0,0,0,0,0,0,0,0,0,0,0,0,0,0,0,0,0,0,0,0,0,0,0,0,0,0,0,0,0,0,0,0,0,0,0,0,0
20190323,0,0,0,0,0,0,0,0,0,0,0,0,0,0,0,0,0,0,0,0,0,0,0,0,0,0,0,0,0,0,0,0,0,0,0,0,0,0,0,0,0,0,0,0,0,0
20190324,0,0,0,0,0,0,0,0,0,0,0,0,0,0,0,0,0,0,0,0,0,0,0,0,0,0,0,0,0,0,0,0,0,0,0,0,0,0,0,0,0,0,0,0,0,0
20190325,0,0,0,0,0,0,0,0,0,0,0,0,0,0,0,0,0,0,0,0,0,0,0,0,0,0,0,0,0,0,0,0,0,0,0,0,0,0,0,0,0,0,0,0,0,0
20190326,0,0,0,0,0,0,0,0,0,0,0,0,0,0,0,0,0,0,0,0,0,0,0,0,0,0,0,0,0,0,0,0,0,0,0,0,0,0,0,0,0,0,0,0,0,0
20190327,0,0,0,0,0,0,0,0,0,0,0,0,0,0,0,0,0,0,0,0,0,0,0,0,0,0,0,0,0,0,0,0,0,0,0,0,0,0,0,0,0,0,0,0,0,0
20190328,0,0,0,0,0,0,0,0,0,0,0,0,0,0,0,0,0,0,0,0,0,0,0,0,0,0,0,0,0,0,0,0,0,0,0,0,0,0,0,0,0,0,0,0,0,0
20190329,0,0,0,0,0,0,0,0,0,0,0,0,0,0,0,0,0,0,0,0,0,0,0,0,0,0,0,0,0,0,0,0,0,0,0,0,0,0,0,0,0,0,0,0,0,0
20190330,0,0,0,0,0,0,0,0,0,0,0,0,0,0,0,0,0,0,0,0,0,0,0,0,0,0,0,0,0,0,0,0,0,0,0,0,0,0,0,0,0,0,0,0,0,0
20190331,0,0,0,0,0,0,0,0,0,0,0,0,0,0,0,0,0,0,0,0,0,0,0,0,0,0,0,0,0,0,0,0,0,0,0,0,0,0,0,0,0,0,0,0,0,0
20190401,0,0,0,0,0,0,0,0,0,0,0,0,0,0,0,0,0,0,0,0,0,0,0,0,0,0,0,0,0,0,0,0,0,0,0,0,0,0,0,0,0,0,0,0,0,0
20190402,0,0,0,0,0,0,0,0,0,0,0,0,0,0,0,0,0,0,0,0,0,0,0,0,0,0,0,0,0,0,0,0,0,0,0,0,0,0,0,0,0,0,0,0,0,0
20190403,0,0,0,0,0,0,0,0,0,0,0,0,0,0,0,0,0,0,0,0,0,0,0,0,0,0,0,0,0,0,0,0,0,0,0,0,0,0,0,0,0,0,0,0,0,0
20190404,0,0,0,0,0,0,0,0,0,0,0,0,0,0,0,0,0,0,0,0,0,0,0,0,0,0,0,0,0,0,0,0,0,0,0,0,0,0,0,0,0,0,0,0,0,0
20190405,0,0,0,0,0,0,0,0,0,0,0,0,0,0,0,0,0,0,0,0,0,0,0,0,0,0,0,0,0,0,0,0,0,0,0,0,0,0,0,0,0,0,0,0,0,0
20190406,0,0,0,0,0,0,0,0,0,0,0,0,0,0,0,0,0,0,0,0,0,0,0,0,0,0,0,0,0,0,0,0,0,0,0,0,0,0,0,0,0,0,0,0,0,0
20190407,0,0,0,0,0,0,0,0,0,0,0,0,0,0,0,0,0,0,0,0,0,0,0,0,0,0,0,0,0,0,0,0,0,0,0,0,0,0,0,0,0,0,0,0,0,0
20190408,0,0,0,0,0,0,0,0,0,0,0,0,0,0,0,0,0,0,0,0,0,0,0,0,0,0,0,0,0,0,0,0,0,0,0,0,0,0,0,0,0,0,0,0,0,0
20190409,0,0,0,0,0,0,0,0,0,0,0,0,0,0,0,0,0,0,0,0,0,0,0,0,0,0,0,0,0,0,0,0,0,0,0,0,0,0,0,0,0,0,0,0,0,0
20190410,0,0,0,0,0,0,0,0,0,0,0,0,0,0,0,0,0,0,0,0,0,0,0,0,0,0,0,0,0,0,0,0,0,0,0,0,0,0,0,0,0,0,0,0,0,0
20190411,0,0,0,0,0,0,0,0,0,0,0,0,0,0,0,0,0,0,0,0,0,0,0,0,0,0,0,0,0,0,0,0,0,0,0,0,0,0,0,0,0,0,0,0,0,0
20190412,0,0,0,0,0,0,0,0,0,0,0,0,0,0,0,0,0,0,0,0,0,0,0,0,0,0,0,0,0,0,0,0,0,0,0,0,0,0,0,0,0,0,0,0,0,0
20190413,0,0,0,0,0,0,0,0,0,0,0,0,0,0,0,0,0,0,0,0,0,0,0,0,0,0,0,0,0,0,0,0,0,0,0,0,0,0,0,0,0,0,0,0,0,0
20190414,0,0,0,0,0,0,0,0,0,0,0,0,0,0,0,0,0,0,0,0,0,0,0,0,0,0,0,0,0,0,0,0,0,0,0,0,0,0,0,0,0,0,0,0,0,0
20190415,0,0,0,0,0,0,0,0,0,0,0,0,0,0,0,0,0,0,0,0,0,0,0,0,0,0,0,0,0,0,0,0,0,0,0,0,0,0,0,0,0,0,0,0,0,0
20190416,0,0,0,0,0,0,0,0,0,0,0,0,0,0,0,0,0,0,0,0,0,0,0,0,0,0,0,0,0,0,0,0,0,0,0,0,0,0,0,0,0,0,0,0,0,0
20190417,0,0,0,0,0,0,0,0,0,0,0,0,0,0,0,0,0,0,0,0,0,0,0,0,0,0,0,0,0,0,0,0,0,0,0,0,0,0,0,0,0,0,0,0,0,0
20190418,0,0,0,0,0,0,0,0,0,0,0,0,0,0,0,0,0,0,0,0,0,0,0,0,0,0,0,0,0,0,0,0,0,0,0,0,0,0,0,0,0,0,0,0,0,0
20190419,0,0,0,0,0,0,0,0,0,0,0,0,0,0,0,0,0,0,0,0,0,0,0,0,0,0,0,0,0,0,0,0,0,0,0,0,0,0,0,0,0,0,0,0,0,0
20190420,0,0,0,0,0,0,0,0,0,0,0,0,0,0,0,0,0,0,0,0,0,0,0,0,0,0,0,0,0,0,0,0,0,0,0,0,0,0,0,0,0,0,0,0,0,0
20190421,0,0,0,0,0,0,0,0,0,0,0,0,0,0,0,0,0,0,0,0,0,0,0,0,0,0,0,0,0,0,0,0,0,0,0,0,0,0,0,0,0,0,0,0,0,0
20190422,0,0,0,0,0,0,0,0,0,0,0,0,0,0,0,0,0,0,0,0,0,0,0,0,0,0,0,0,0,0,0,0,0,0,0,0,0,0,0,0,0,0,0,0,0,0
20190423,0,0,0,0,0,0,0,0,0,0,0,0,0,0,0,0,0,0,0,0,0,0,0,0,0,0,0,0,0,0,0,0,0,0,0,0,0,0,0,0,0,0,0,0,0,0
20190424,0,0,0,0,0,0,0,0,0,0,0,0,0,0,0,0,0,0,0,0,0,0,0,0,0,0,0,0,0,0,0,0,0,0,0,0,0,0,0,0,0,0,0,0,0,0
20190425,0,0,0,0,0,0,0,0,0,0,0,0,0,0,0,0,0,0,0,0,0,0,0,0,0,0,0,0,0,0,0,0,0,0,0,0,0,0,0,0,0,0,0,0,0,0
20190426,0,0,0,0,0,0,0,0,0,0,0,0,0,0,0,0,0,0,0,0,0,0,0,0,0,0,0,0,0,0,0,0,0,0,0,0,0,0,0,0,0,0,0,0,0,0
20190427,0,0,0,0,0,0,0,0,0,0,0,0,0,0,0,0,0,0,0,0,0,0,0,0,0,0,0,0,0,0,0,0,0,0,0,0,0,0,0,0,0,0,0,0,0,0
20190428,0,0,0,0,0,0,0,0,0,0,0,0,0,0,0,0,0,0,0,0,0,0,0,0,0,0,0,0,0,0,0,0,0,0,0,0,0,0,0,0,0,0,0,0,0,0
20190429,0,0,0,0,0,0,0,0,0,0,0,0,0,0,0,0,0,0,0,0,0,0,0,0,0,0,0,0,0,0,0,0,0,0,0,0,0,0,0,0,0,0,0,0,0,0
20190430,0,0,0,0,0,0,0,0,0,0,0,0,0,0,0,0,0,0,0,0,0,0,0,0,0,0,0,0,0,0,0,0,0,0,0,0,0,0,0,0,0,0,0,0,0,0
20190501,0,0,0,0,0,0,0,0,0,0,0,0,0,0,0,0,0,0,0,0,0,0,0,0,0,0,0,0,0,0,0,0,0,0,0,0,0,0,0,0,0,0,0,0,0,0
20190502,0,0,0,0,0,0,0,0,0,0,0,0,0,0,0,0,0,0,0,0,0,0,0,0,0,0,0,0,0,0,0,0,0,0,0,0,0,0,0,0,0,0,0,0,0,0
20190503,0,0,0,0,0,0,0,0,0,0,0,0,0,0,0,0,0,0,0,0,0,0,0,0,0,0,0,0,0,0,0,0,0,0,0,0,0,0,0,0,0,0,0,0,0,0
20190504,0,0,0,0,0,0,0,0,0,0,0,0,0,0,0,0,0,0,0,0,0,0,0,0,0,0,0,0,0,0,0,0,0,0,0,0,0,0,0,0,0,0,0,0,0,0
20190505,0,0,0,0,0,0,0,0,0,0,0,0,0,0,0,0,0,0,0,0,0,0,0,0,0,0,0,0,0,0,0,0,0,0,0,0,0,0,0,0,0,0,0,0,0,0
20190506,0,0,0,0,0,0,0,0,0,0,0,0,0,0,0,0,0,0,0,0,0,0,0,0,0,0,0,0,0,0,0,0,0,0,0,0,0,0,0,0,0,0,0,0,0,0
20190507,0,0,0,0,0,0,0,0,0,0,0,0,0,0,0,0,0,0,0,0,0,0,0,0,0,0,0,0,0,0,0,0,0,0,0,0,0,0,0,0,0,0,0,0,0,0
20190508,0,0,0,0,0,0,0,0,0,0,0,0,0,0,0,0,0,0,0,0,0,0,0,0,0,0,0,0,0,0,0,0,0,0,0,0,0,0,0,0,0,0,0,0,0,0
20190509,307,237,651,127,741,346,708,272,594,206,673,1174,137,72,389,0,0,0,0,0,0,0,0,0,0,0,0,0,0,0,0,0,0,0,0,0,0,0,0,0,0,0,0,0,0,0
20190510,404,445,782,281,804,426,837,284,850,384,815,1960,309,177,517,0,0,0,0,0,0,0,0,0,0,0,0,0,0,0,0,0,0,0,0,0,0,0,0,0,0,0,0,0,0,0
20190511,322,322,694,153,532,232,727,231,690,205,538,1184,221,410,329,0,0,0,0,0,0,0,0,0,0,0,0,0,0,0,0,0,0,0,0,0,0,0,0,0,0,0,0,0,0,0
20190512,283,276,674,171,625,178,690,178,656,208,657,1529,175,315,240,0,0,0,0,0,0,0,0,0,0,0,0,0,0,0,0,0,0,0,0,0,0,0,0,0,0,0,0,0,0,0
20190513,391,503,1068,343,955,258,1037,412,768,293,851,2271,228,381,513,0,0,0,0,0,0,0,0,0,0,0,0,0,0,0,0,0,0,0,0,0,0,0,0,0,0,0,0,0,0,0
20190514,461,492,1168,372,944,290,1031,363,686,402,849,2286,282,426,504,0,0,0,0,0,0,0,0,0,0,0,0,0,0,0,0,0,0,0,0,0,0,0,0,0,0,0,0,0,0,0
20190515,495,511,1184,338,1059,366,1042,339,856,591,1043,2292,258,448,585,0,0,0,0,0,0,0,0,0,0,0,0,0,0,0,0,0,0,0,0,0,0,0,0,0,0,0,0,0,0,0
20190516,430,508,1149,343,1023,389,1076,351,898,623,959,2237,288,351,540,0,0,0,0,0,0,0,0,0,0,0,0,0,0,0,0,0,0,0,0,0,0,0,0,0,0,0,0,0,0,0
20190517,482,440,1009,354,978,505,974,461,850,984,1060,2092,355,272,610,0,0,0,0,0,0,0,0,0,0,0,0,0,0,0,0,0,0,0,0,0,0,0,0,0,0,0,0,0,0,0
20190518,329,327,805,208,599,294,814,216,789,657,573,1301,266,386,367,0,0,0,0,0,0,0,0,0,0,0,0,0,0,0,0,0,0,0,0,0,0,0,0,0,0,0,0,0,0,0
20190519,331,282,749,169,592,290,787,204,655,609,658,1249,240,261,335,0,0,0,0,0,0,0,0,0,0,0,0,0,0,0,0,0,0,0,0,0,0,0,0,0,0,0,0,0,0,0
20190520,457,508,1069,366,1102,522,1072,484,953,1003,1145,2423,374,294,662,0,0,0,0,0,0,0,0,0,0,0,0,0,0,0,0,0,0,0,0,0,0,0,0,0,0,0,0,0,0,0
20190521,446,488,1038,344,1002,369,865,265,787,576,925,2150,266,221,585,0,0,0,0,0,0,0,0,0,0,0,0,0,0,0,0,0,0,0,0,0,0,0,0,0,0,0,0,0,0,0
20190522,526,525,1140,376,980,457,1013,361,888,979,1099,2200,384,0,671,0,0,0,0,0,0,0,0,0,0,0,0,0,0,0,0,0,0,0,0,0,0,0,0,0,0,0,0,0,0,0
20190523,574,529,1161,375,1067,453,1068,296,1111,951,1059,2216,372,0,663,0,0,0,0,0,0,0,0,0,0,0,0,0,0,0,0,0,0,0,0,0,0,0,0,0,0,0,0,0,0,0
20190524,432,534,1050,370,855,590,903,99,1008,699,934,2050,304,0,526,0,0,0,0,0,0,0,0,0,0,0,0,0,0,0,0,0,0,0,0,0,0,0,0,0,0,0,0,0,0,0
20190525,271,326,779,191,558,424,654,241,917,576,656,1247,255,0,315,0,0,0,0,0,0,0,0,0,0,0,0,0,0,0,0,0,0,0,0,0,0,0,0,0,0,0,0,0,0,0
20190526,284,211,657,142,531,347,643,224,795,434,647,1172,230,0,345,0,0,0,0,0,0,0,0,0,0,0,0,0,0,0,0,0,0,0,0,0,0,0,0,0,0,0,0,0,0,0
20190527,311,285,666,160,538,465,647,112,890,517,564,1299,215,0,348,0,0,0,0,0,0,0,0,0,0,0,0,0,0,0,0,0,0,0,0,0,0,0,0,0,0,0,0,0,0,0
20190528,440,411,947,232,938,772,825,264,1209,832,1002,2171,433,0,494,0,0,0,0,0,0,0,0,0,0,0,0,0,0,0,0,0,0,0,0,0,0,0,0,0,0,0,0,0,0,0
20190529,436,407,966,240,890,730,906,238,1138,957,1034,2162,497,0,580,0,0,0,0,0,0,0,0,0,0,0,0,0,0,0,0,0,0,0,0,0,0,0,0,0,0,0,0,0,0,0
20190530,472,453,1055,258,1036,735,923,240,1310,675,914,2265,322,0,551,0,0,0,0,0,0,0,0,0,0,0,0,0,0,0,0,0,0,0,0,0,0,0,0,0,0,0,0,0,0,0
20190531,464,459,1049,271,921,648,843,191,1179,616,848,2057,268,0,547,0,0,0,0,0,0,0,0,0,0,0,0,0,0,0,0,0,0,0,0,0,0,0,0,0,0,0,0,0,0,0
20190601,351,292,997,184,640,456,683,127,972,583,791,1252,222,0,351,0,0,0,0,0,0,0,0,0,0,0,0,0,0,0,0,0,0,0,0,0,0,0,0,0,0,0,0,0,0,0
20190602,268,309,715,154,615,355,715,170,304,614,720,1250,273,0,342,0,0,0,0,0,0,0,0,0,0,0,0,0,0,0,0,0,0,0,0,0,0,0,0,0,0,0,0,0,0,0
20190603,476,487,1069,368,1102,845,1070,487,213,983,1056,2291,387,0,632,0,0,0,0,0,0,0,0,0,0,0,0,0,0,0,0,0,0,0,0,0,0,0,0,0,0,0,0,0,0,0
20190604,494,463,966,348,1005,888,1009,391,1041,1151,1116,2307,453,0,679,0,0,0,0,0,0,0,0,0,0,0,0,0,0,0,0,0,0,0,0,0,0,0,0,0,0,0,0,0,0,0
20190605,483,546,1145,380,1112,892,955,568,1394,1049,1049,2254,488,0,692,0,0,0,0,0,0,0,0,0,0,0,0,0,0,0,0,0,0,0,0,0,0,0,0,0,0,0,0,0,0,0
20190606,535,542,1139,373,1075,834,978,459,1265,852,1022,1954,341,0,590,0,0,0,0,0,0,0,0,0,0,0,0,0,0,0,0,0,0,0,0,0,0,0,0,0,0,0,0,0,0,0
20190607,442,401,1022,320,950,642,922,465,1101,968,1044,1966,403,0,588,0,0,0,0,0,0,0,0,0,0,0,0,0,0,0,0,0,0,0,0,0,0,0,0,0,0,0,0,0,0,0
20190608,242,231,609,129,509,444,595,182,745,619,523,1119,235,0,257,0,0,0,0,0,0,0,0,0,0,0,0,0,0,0,0,0,0,0,0,0,0,0,0,0,0,0,0,0,0,0
20190609,289,284,769,174,652,537,674,4,875,562,722,1442,243,0,298,0,0,0,0,0,0,0,0,0,0,0,0,0,0,0,0,0,0,0,0,0,0,0,0,0,0,0,0,0,0,0
20190610,324,344,711,213,712,693,748,0,702,858,797,1456,335,0,403,0,0,0,0,0,0,0,0,0,0,0,0,0,0,0,0,0,0,0,0,0,0,0,0,0,0,0,0,0,0,0
20190611,393,411,827,266,868,770,897,0,821,996,1047,1706,455,110,527,0,0,0,0,0,0,0,0,0,0,0,0,0,0,0,0,0,0,0,0,0,0,0,0,0,0,0,0,0,0,0
20190612,428,445,892,281,1000,808,1025,0,1009,1011,1124,1757,501,309,575,0,0,0,0,0,0,0,0,0,0,0,0,0,0,0,0,0,0,0,0,0,0,0,0,0,0,0,0,0,0,0
20190613,380,429,856,301,852,783,861,0,837,894,884,1502,393,421,524,0,0,0,0,0,0,0,0,0,0,0,0,0,0,0,0,0,0,0,0,0,0,0,0,0,0,0,0,0,0,0
20190614,450,518,1004,311,969,764,895,0,966,1106,1016,1990,410,260,596,0,0,0,0,0,0,0,0,0,0,0,0,0,0,0,0,0,0,0,0,0,0,0,0,0,0,0,0,0,0,0
20190615,358,352,818,188,712,592,716,2,1042,637,722,1527,284,185,379,0,0,0,0,0,0,0,0,0,0,0,0,0,0,0,0,0,0,0,0,0,0,0,0,0,0,0,0,0,0,0
20190616,270,268,676,172,582,482,612,0,952,567,657,1242,253,153,345,0,0,0,0,0,0,0,0,0,0,0,0,0,0,0,0,0,0,0,0,0,0,0,0,0,0,0,0,0,0,0
20190617,486,499,1097,381,1045,843,1015,0,655,1014,1041,2230,368,253,627,0,0,0,0,0,0,0,0,0,0,0,0,0,0,0,0,0,0,0,0,0,0,0,0,0,0,0,0,0,0,0
20190618,500,489,988,343,1045,829,911,0,230,1051,1057,2186,463,103,624,0,0,0,0,0,0,0,0,0,0,0,0,0,0,0,0,0,0,0,0,0,0,0,0,0,0,0,0,0,0,0
20190619,445,480,1003,333,1005,829,961,0,865,951,1070,2030,457,216,619,0,0,0,0,0,0,0,0,0,0,0,0,0,0,0,0,0,0,0,0,0,0,0,0,0,0,0,0,0,0,0
20190620,497,572,1079,382,1013,903,920,0,1321,795,958,2167,333,116,634,0,0,0,0,0,0,0,0,0,0,0,0,0,0,0,0,0,0,0,0,0,0,0,0,0,0,0,0,0,0,0
20190621,497,451,1096,365,1016,838,857,0,362,764,1019,1999,264,211,574,0,0,0,0,0,0,0,0,0,0,0,0,0,0,0,0,0,0,0,0,0,0,0,0,0,0,0,0,0,0,0
20190622,323,299,862,176,682,501,714,0,245,690,800,1179,282,131,349,0,0,0,0,0,0,0,0,0,0,0,0,0,0,0,0,0,0,0,0,0,0,0,0,0,0,0,0,0,0,0
20190623,318,269,794,168,653,491,710,0,922,621,736,1275,253,38,296,0,0,0,0,0,0,0,0,0,0,0,0,0,0,0,0,0,0,0,0,0,0,0,0,0,0,0,0,0,0,0
20190624,513,549,1114,355,1081,883,997,0,1280,991,1119,2113,403,28,612,0,0,0,0,0,0,0,0,0,0,0,0,0,0,0,0,0,0,0,0,0,0,0,0,0,0,0,0,0,0,0
20190625,509,515,962,328,1017,782,981,0,186,1090,1007,1800,393,49,533,0,0,0,0,0,0,0,0,0,0,0,0,0,0,0,0,0,0,0,0,0,0,0,0,0,0,0,0,0,0,0
20190626,475,544,1104,381,1166,925,996,306,241,1115,1198,2178,422,306,704,0,0,0,0,0,0,0,0,0,0,0,0,0,0,0,0,0,0,0,0,0,0,0,0,0,0,0,0,0,0,0
20190627,488,521,1087,405,989,806,888,498,1081,883,996,1928,359,116,562,0,0,0,0,0,0,0,0,0,0,0,0,0,0,0,0,0,0,0,0,0,0,0,0,0,0,0,0,0,0,0
20190628,485,473,1091,313,1024,749,868,406,1146,925,970,1768,372,151,527,0,0,0,0,0,0,0,0,0,0,0,0,0,0,0,0,0,0,0,0,0,0,0,0,0,0,0,0,0,0,0
20190629,328,313,892,233,702,479,643,217,810,405,689,984,234,168,310,0,0,0,0,0,0,0,0,0,0,0,0,0,0,0,0,0,0,0,0,0,0,0,0,0,0,0,0,0,0,0
20190630,314,303,790,193,617,464,614,251,727,604,740,1083,201,78,325,0,0,0,0,0,0,0,0,0,0,0,0,0,0,0,0,0,0,0,0,0,0,0,0,0,0,0,0,0,0,0
20190701,567,556,1024,329,1043,854,970,251,1136,1132,1080,1742,373,326,607,0,0,0,0,0,0,0,0,0,0,0,0,0,0,0,0,0,0,0,0,0,0,0,0,0,0,0,0,0,0,0
20190702,592,547,1028,385,1203,759,978,464,620,1102,1036,1311,433,271,662,0,0,0,0,0,0,0,0,0,0,0,0,0,0,0,0,0,0,0,0,0,0,0,0,0,0,0,0,0,0,0
20190703,533,507,1105,369,1220,884,809,426,190,918,1115,1373,347,192,593,0,0,0,0,0,0,0,0,0,0,0,0,0,0,0,0,0,0,0,0,0,0,0,0,0,0,0,0,0,0,0
20190704,542,505,1082,367,1033,686,810,565,216,842,993,1141,304,108,513,0,0,0,0,0,0,0,0,0,0,0,0,0,0,0,0,0,0,0,0,0,0,0,0,0,0,0,0,0,0,0
20190705,619,439,991,352,819,593,862,467,194,1128,987,1167,175,219,506,0,0,0,0,0,0,0,0,0,0,0,0,0,0,0,0,0,0,0,0,0,0,0,0,0,0,0,0,0,0,0
20190706,430,341,770,193,698,570,955,282,1031,1584,706,1161,289,298,349,0,0,0,0,0,0,0,0,0,0,0,0,0,0,0,0,0,0,0,0,0,0,0,0,0,0,0,0,0,0,0
20190707,435,328,761,220,657,579,944,333,1032,1283,769,997,205,221,354,0,0,0,0,0,0,0,0,0,0,0,0,0,0,0,0,0,0,0,0,0,0,0,0,0,0,0,0,0,0,0
20190708,596,534,1089,384,1075,888,1379,674,1227,2205,1235,1957,378,371,706,0,0,0,0,0,0,0,0,0,0,0,0,0,0,0,0,0,0,0,0,0,0,0,0,0,0,0,0,0,0,0
20190709,621,545,1111,387,1125,984,1329,662,1375,2485,1274,2024,408,398,692,0,0,0,0,0,0,0,0,0,0,0,0,0,0,0,0,0,0,0,0,0,0,0,0,0,0,0,0,0,0,0
20190710,662,571,1084,403,1122,996,1258,703,266,2576,1299,1743,369,247,746,0,0,0,0,0,0,0,0,0,0,0,0,0,0,0,0,0,0,0,0,0,0,0,0,0,0,0,0,0,0,0
20190711,881,545,867,405,1198,1047,1145,669,214,2895,1192,1621,351,315,742,0,0,0,0,0,0,0,0,0,0,0,0,0,0,0,0,0,0,0,0,0,0,0,0,0,0,0,0,0,0,0
20190712,742,518,890,397,1017,863,1158,592,1174,2647,1092,1455,305,254,682,0,0,0,0,0,0,0,0,0,0,0,0,0,0,0,0,0,0,0,0,0,0,0,0,0,0,0,0,0,0,0
20190713,463,362,732,243,692,558,924,189,985,1793,752,1067,259,114,432,0,0,0,0,0,0,0,0,0,0,0,0,0,0,0,0,0,0,0,0,0,0,0,0,0,0,0,0,0,0,0
20190714,368,267,648,162,614,563,885,242,154,1243,758,847,221,50,350,0,0,0,0,0,0,0,0,0,0,0,0,0,0,0,0,0,0,0,0,0,0,0,0,0,0,0,0,0,0,0
20190715,641,523,944,354,1105,934,1410,621,322,2661,1292,1709,386,166,767,0,0,0,0,0,0,0,0,0,0,0,0,0,0,0,0,0,0,0,0,0,0,0,0,0,0,0,0,0,0,0
20190716,938,574,880,394,1139,997,1422,743,1187,2681,1300,1940,328,154,747,0,0,0,0,0,0,0,0,0,0,0,0,0,0,0,0,0,0,0,0,0,0,0,0,0,0,0,0,0,0,0
20190717,703,544,925,372,1156,1007,1394,559,1054,2616,1292,1944,426,209,717,0,0,0,0,0,0,0,0,0,0,0,0,0,0,0,0,0,0,0,0,0,0,0,0,0,0,0,0,0,0,0
20190718,621,472,855,311,1060,842,1329,611,256,2421,1230,1953,355,124,667,0,0,0,0,0,0,0,0,0,0,0,0,0,0,0,0,0,0,0,0,0,0,0,0,0,0,0,0,0,0,0
20190719,492,441,774,323,820,752,940,537,566,2202,1061,1623,326,341,582,0,0,0,0,0,0,0,0,0,0,0,0,0,0,0,0,0,0,0,0,0,0,0,0,0,0,0,0,0,0,0
20190720,398,319,666,185,619,479,833,152,986,1364,743,992,227,270,336,0,0,0,0,0,0,0,0,0,0,0,0,0,0,0,0,0,0,0,0,0,0,0,0,0,0,0,0,0,0,0
20190721,400,326,646,197,689,535,887,418,466,1318,845,1228,254,214,388,0,0,0,0,0,0,0,0,0,0,0,0,0,0,0,0,0,0,0,0,0,0,0,0,0,0,0,0,0,0,0
20190722,573,474,975,350,949,830,1155,611,238,1872,1139,1690,259,205,566,0,0,0,0,0,0,0,0,0,0,0,0,0,0,0,0,0,0,0,0,0,0,0,0,0,0,0,0,0,0,0
20190723,625,466,1011,335,1027,835,1126,572,222,1473,1140,1607,184,167,557,0,0,0,0,0,0,0,0,0,0,0,0,0,0,0,0,0,0,0,0,0,0,0,0,0,0,0,0,0,0,0
20190724,617,452,1005,277,947,883,1059,545,195,1705,1040,1656,201,179,578,0,0,0,0,0,0,0,0,0,0,0,0,0,0,0,0,0,0,0,0,0,0,0,0,0,0,0,0,0,0,0
20190725,539,451,910,274,931,765,1005,447,959,1495,912,1606,236,123,525,0,0,0,0,0,0,0,0,0,0,0,0,0,0,0,0,0,0,0,0,0,0,0,0,0,0,0,0,0,0,0
20190726,575,405,860,311,940,761,1158,393,1117,2119,983,1573,278,112,539,0,0,0,0,0,0,0,0,0,0,0,0,0,0,0,0,0,0,0,0,0,0,0,0,0,0,0,0,0,0,0
20190727,298,218,446,143,442,344,596,267,149,959,512,760,232,178,238,0,0,0,0,0,0,0,0,0,0,0,0,0,0,0,0,0,0,0,0,0,0,0,0,0,0,0,0,0,0,0
20190728,306,183,391,148,447,385,662,225,156,818,525,879,189,147,254,0,0,0,0,0,0,0,0,0,0,0,0,0,0,0,0,0,0,0,0,0,0,0,0,0,0,0,0,0,0,0
20190729,518,410,937,288,883,851,990,377,1022,1433,1058,1590,237,262,535,0,0,0,0,0,0,0,0,0,0,0,0,0,0,0,0,0,0,0,0,0,0,0,0,0,0,0,0,0,0,0
20190730,474,414,849,266,834,785,1021,348,1141,1543,998,1549,240,283,476,0,0,0,0,0,0,0,0,0,0,0,0,0,0,0,0,0,0,0,0,0,0,0,0,0,0,0,0,0,0,0
20190731,450,377,876,272,989,922,1141,464,1364,2225,1112,1697,393,237,600,0,0,0,0,0,0,0,0,0,0,0,0,0,0,0,0,0,0,0,0,0,0,0,0,0,0,0,0,0,0,0
20190801,645,441,775,285,1040,932,1210,477,1092,3205,1018,1581,391,167,645,0,0,0,0,0,0,0,0,0,0,0,0,0,0,0,0,0,0,0,0,0,0,0,0,0,0,0,0,0,0,0
20190802,657,437,812,285,1079,886,1109,537,256,3218,1031,1360,341,134,708,0,0,0,0,0,0,0,0,0,0,0,0,0,0,0,0,0,0,0,0,0,0,0,0,0,0,0,0,0,0,0
20190803,411,377,744,213,810,586,930,316,534,1524,764,1251,237,100,496,0,0,0,0,0,0,0,0,0,0,0,0,0,0,0,0,0,0,0,0,0,0,0,0,0,0,0,0,0,0,0
20190804,342,303,649,189,680,515,868,306,937,1170,696,1207,199,31,438,0,0,0,0,0,0,0,0,0,0,0,0,0,0,0,0,0,0,0,0,0,0,0,0,0,0,0,0,0,0,0
20190805,482,387,780,255,895,847,1160,337,551,2092,1047,1668,284,154,633,0,0,0,0,0,0,0,0,0,0,0,0,0,0,0,0,0,0,0,0,0,0,0,0,0,0,0,0,0,0,0
20190806,442,423,817,289,920,878,1179,214,244,1786,1033,1668,320,292,553,0,0,0,0,0,0,0,0,0,0,0,0,0,0,0,0,0,0,0,0,0,0,0,0,0,0,0,0,0,0,0
20190807,471,437,851,301,937,870,1215,283,693,2022,1047,1600,345,227,560,0,0,0,0,0,0,0,0,0,0,0,0,0,0,0,0,0,0,0,0,0,0,0,0,0,0,0,0,0,0,0
20190808,481,407,811,254,923,797,963,176,722,1793,1052,1543,277,216,594,0,0,0,0,0,0,0,0,0,0,0,0,0,0,0,0,0,0,0,0,0,0,0,0,0,0,0,0,0,0,0
20190809,363,357,442,226,669,622,766,371,205,1707,893,1341,249,257,423,0,0,0,0,0,0,0,0,0,0,0,0,0,0,0,0,0,0,0,0,0,0,0,0,0,0,0,0,0,0,0
20190810,237,241,416,147,455,405,610,214,162,1069,509,904,163,240,295,0,0,0,0,0,0,0,0,0,0,0,0,0,0,0,0,0,0,0,0,0,0,0,0,0,0,0,0,0,0,0
20190811,297,226,402,140,443,459,589,196,674,991,576,1064,203,241,286,0,0,0,0,0,0,0,0,0,0,0,0,0,0,0,0,0,0,0,0,0,0,0,0,0,0,0,0,0,0,0
20190812,427,432,520,238,911,804,1007,281,862,1940,992,1728,318,275,584,0,0,0,0,0,0,0,0,0,0,0,0,0,0,0,0,0,0,0,0,0,0,0,0,0,0,0,0,0,0,0
20190813,413,436,548,224,912,744,950,369,878,1755,967,1938,359,310,603,0,0,0,0,0,0,0,0,0,0,0,0,0,0,0,0,0,0,0,0,0,0,0,0,0,0,0,0,0,0,0
20190814,282,166,353,113,629,449,796,216,686,610,608,1053,207,175,378,0,0,0,0,0,0,0,0,0,0,0,0,0,0,0,0,0,0,0,0,0,0,0,0,0,0,0,0,0,0,0
20190815,390,455,467,276,857,850,988,419,886,2089,979,1920,365,311,565,0,0,0,0,0,0,0,0,0,0,0,0,0,0,0,0,0,0,0,0,0,0,0,0,0,0,0,0,0,0,0
20190816,301,354,404,184,669,666,696,243,566,1647,792,1369,344,314,385,0,0,0,0,0,0,0,0,0,0,0,0,0,0,0,0,0,0,0,0,0,0,0,0,0,0,0,0,0,0,0
20190817,335,255,445,196,502,459,654,207,730,1087,561,977,176,128,263,0,0,0,0,0,0,0,0,0,0,0,0,0,0,0,0,0,0,0,0,0,0,0,0,0,0,0,0,0,0,0
20190818,296,187,346,164,509,417,723,277,626,963,562,1090,207,197,301,0,0,0,0,0,0,0,0,0,0,0,0,0,0,0,0,0,0,0,0,0,0,0,0,0,0,0,0,0,0,0
20190819,386,417,728,270,833,767,1002,326,890,1718,926,1983,337,262,535,0,0,0,0,0,0,0,0,0,0,0,0,0,0,0,0,0,0,0,0,0,0,0,0,0,0,0,0,0,0,0
20190820,476,433,828,322,843,783,974,479,649,1579,958,2059,312,221,574,0,0,0,0,0,0,0,0,0,0,0,0,0,0,0,0,0,0,0,0,0,0,0,0,0,0,0,0,0,0,0
20190821,505,426,967,296,932,827,1091,311,259,1813,1018,2115,372,134,550,0,0,0,0,0,0,0,0,0,0,0,0,0,0,0,0,0,0,0,0,0,0,0,0,0,0,0,0,0,0,0
20190822,430,390,880,260,875,672,870,350,712,1544,858,1945,275,207,499,0,0,0,0,0,0,0,0,0,0,0,0,0,0,0,0,0,0,0,0,0,0,0,0,0,0,0,0,0,0,0
20190823,406,270,797,274,752,605,782,152,982,1413,796,1583,184,124,440,0,0,0,0,0,0,0,0,0,0,0,0,0,0,0,0,0,0,0,0,0,0,0,0,0,0,0,0,0,0,0
20190824,297,221,753,206,556,383,704,258,335,987,611,1106,163,89,355,0,0,0,0,0,0,0,0,0,0,0,0,0,0,0,0,0,0,0,0,0,0,0,0,0,0,0,0,0,0,0
20190825,272,157,636,158,505,381,569,165,121,735,564,1095,113,88,262,0,0,0,0,0,0,0,0,0,0,0,0,0,0,0,0,0,0,0,0,0,0,0,0,0,0,0,0,0,0,0
20190826,292,188,695,174,496,436,551,240,128,596,607,1089,84,18,304,0,0,0,0,0,0,0,0,0,0,0,0,0,0,0,0,0,0,0,0,0,0,0,0,0,0,0,0,0,0,0
20190827,444,403,939,295,876,756,996,206,254,1279,884,2091,271,24,533,0,0,0,0,0,0,0,0,0,0,0,0,0,0,0,0,0,0,0,0,0,0,0,0,0,0,0,0,0,0,0
20190828,453,419,888,297,851,798,969,461,815,1614,993,1995,404,0,567,0,0,0,0,0,0,0,0,0,0,0,0,0,0,0,0,0,0,0,0,0,0,0,0,0,0,0,0,0,0,0
20190829,493,430,933,313,876,761,970,301,1108,1358,940,2021,261,1,521,0,0,0,0,0,0,0,0,0,0,0,0,0,0,0,0,0,0,0,0,0,0,0,0,0,0,0,0,0,0,0
20190830,510,413,925,312,805,729,916,334,1332,1543,980,1962,293,0,545,0,0,0,0,0,0,0,0,0,0,0,0,0,0,0,0,0,0,0,0,0,0,0,0,0,0,0,0,0,0,0
20190831,335,321,788,215,487,441,739,226,1079,1054,620,1348,255,0,382,0,0,0,0,0,0,0,0,0,0,0,0,0,0,0,0,0,0,0,0,0,0,0,0,0,0,0,0,0,0,0
20190901,332,239,741,195,492,465,698,329,944,907,634,1125,199,0,322,0,0,0,0,0,0,0,0,0,0,0,0,0,0,0,0,0,0,0,0,0,0,0,0,0,0,0,0,0,0,0
20190902,470,500,959,305,826,676,1063,298,1275,1342,929,2183,281,0,532,0,0,0,0,0,0,0,0,0,0,0,0,0,0,0,0,0,0,0,0,0,0,0,0,0,0,0,0,0,0,0
20190903,480,457,1013,297,804,938,981,352,1220,1770,988,2232,434,0,519,0,0,0,0,0,0,0,0,0,0,0,0,0,0,0,0,0,0,0,0,0,0,0,0,0,0,0,0,0,0,0
20190904,486,488,960,336,719,860,964,498,1170,1716,1074,2038,323,0,602,0,0,0,0,0,0,0,0,0,0,0,0,0,0,0,0,0,0,0,0,0,0,0,0,0,0,0,0,0,0,0
20190905,513,491,1060,375,677,784,1009,512,1241,1601,1015,1881,256,0,655,0,0,0,0,0,0,0,0,0,0,0,0,0,0,0,0,0,0,0,0,0,0,0,0,0,0,0,0,0,0,0
20190906,483,480,946,310,850,819,1009,451,1314,1870,995,1934,390,0,663,0,0,0,0,0,0,0,0,0,0,0,0,0,0,0,0,0,0,0,0,0,0,0,0,0,0,0,0,0,0,0
20190907,321,362,721,211,586,468,806,388,1107,1099,674,1139,270,0,380,0,0,0,0,0,0,0,0,0,0,0,0,0,0,0,0,0,0,0,0,0,0,0,0,0,0,0,0,0,0,0
20190908,325,303,719,149,472,466,644,305,454,907,654,1242,162,0,360,0,0,0,0,0,0,0,0,0,0,0,0,0,0,0,0,0,0,0,0,0,0,0,0,0,0,0,0,0,0,0
20190909,408,422,784,273,759,750,957,294,255,1621,945,1971,392,0,632,0,0,0,0,0,0,0,0,0,0,0,0,0,0,0,0,0,0,0,0,0,0,0,0,0,0,0,0,0,0,0
20190910,305,394,530,248,461,574,538,286,453,1382,520,1529,291,0,395,0,0,0,0,0,0,0,0,0,0,0,0,0,0,0,0,0,0,0,0,0,0,0,0,0,0,0,0,0,0,0
20190911,478,422,963,276,844,814,924,508,1230,1485,977,2034,298,0,604,526,534,367,344,0,0,0,0,0,0,0,0,0,0,0,0,0,0,0,0,0,0,0,0,0,0,0,0,0,0,0
20190912,556,543,1053,335,910,804,928,501,432,1734,1019,2421,305,0,723,753,981,1062,830,4,0,0,0,0,0,0,0,0,0,0,0,0,0,0,0,0,0,0,0,0,0,0,0,0,0,0
20190913,497,468,1121,334,814,725,804,418,236,1610,850,2025,152,0,577,486,809,1094,716,0,0,0,0,0,0,0,0,0,0,0,0,0,0,0,0,0,0,0,0,0,0,0,0,0,0,0
20190914,411,371,907,205,507,439,738,309,1005,1107,676,1209,154,0,353,210,539,743,312,1,0,0,0,0,0,0,0,0,0,0,0,0,0,0,0,0,0,0,0,0,0,0,0,0,0,0
20190915,356,296,774,178,477,451,636,303,821,922,641,1206,131,0,312,211,414,622,257,0,0,0,0,0,0,0,0,0,0,0,0,0,0,0,0,0,0,0,0,0,0,0,0,0,0,0
20190916,469,514,1004,325,836,887,1087,467,301,1697,1031,2349,375,0,741,673,1023,1057,794,0,0,0,0,0,0,0,0,0,0,0,0,0,0,0,0,0,0,0,0,0,0,0,0,0,0,0
20190917,544,529,1097,352,855,741,955,515,244,1624,967,2353,221,0,753,602,1002,1170,787,0,0,0,0,0,0,0,0,0,0,0,0,0,0,0,0,0,0,0,0,0,0,0,0,0,0,0
20190918,524,516,1107,342,810,642,813,470,1155,1644,954,2396,188,0,685,717,930,1125,762,0,0,0,0,0,0,0,0,0,0,0,0,0,0,0,0,0,0,0,0,0,0,0,0,0,0,0
20190919,471,498,1088,400,736,683,795,483,1124,1530,876,2204,191,0,573,563,856,1109,731,0,0,0,0,0,0,0,0,0,0,0,0,0,0,0,0,0,0,0,0,0,0,0,0,0,0,0
20190920,510,509,1133,376,827,736,883,572,1345,1485,914,2189,194,0,574,541,905,1146,801,1,0,0,0,0,0,0,0,0,0,0,0,0,0,0,0,0,0,0,0,0,0,0,0,0,0,0
20190921,328,323,942,191,536,448,526,288,863,1074,626,1367,101,0,364,167,485,831,310,0,0,0,0,0,0,0,0,0,0,0,0,0,0,0,0,0,0,0,0,0,0,0,0,0,0,0
20190922,260,261,651,142,484,383,751,243,1004,751,571,1238,234,0,313,205,504,607,289,0,0,0,0,0,0,0,0,0,0,0,0,0,0,0,0,0,0,0,0,0,0,0,0,0,0,0
20190923,536,518,1007,337,772,717,998,487,1120,1472,995,2073,296,0,629,680,894,1071,749,3,0,0,0,0,0,0,0,0,0,0,0,0,0,0,0,0,0,0,0,0,0,0,0,0,0,0
20190924,490,470,842,290,673,767,861,446,1124,1314,938,1675,328,0,571,563,818,829,467,1,0,0,0,0,0,0,0,0,0,0,0,0,0,0,0,0,0,0,0,0,0,0,0,0,0,0
20190925,486,507,1037,304,846,875,946,522,611,1389,1050,2234,329,0,653,639,918,1003,722,1,0,0,0,0,0,0,0,0,0,0,0,0,0,0,0,0,0,0,0,0,0,0,0,0,0,0
20190926,542,506,986,361,890,931,1058,500,218,1564,977,2356,327,0,648,610,811,1101,692,2,0,0,0,0,0,0,0,0,0,0,0,0,0,0,0,0,0,0,0,0,0,0,0,0,0,0
20190927,442,469,968,308,763,655,819,470,1070,1302,848,2170,267,0,547,535,836,1031,693,0,0,0,0,0,0,0,0,0,0,0,0,0,0,0,0,0,0,0,0,0,0,0,0,0,0,0
20190928,330,341,744,150,540,456,608,267,1102,1070,594,1178,202,0,327,201,555,722,285,3,0,0,0,0,0,0,0,0,0,0,0,0,0,0,0,0,0,0,0,0,0,0,0,0,0,0
20190929,173,196,468,123,304,282,546,163,793,499,451,812,118,0,224,155,396,81,189,0,0,0,0,0,0,0,0,0,0,0,0,0,0,0,0,0,0,0,0,0,0,0,0,0,0,0
20190930,418,483,840,257,622,714,686,326,1110,1487,895,1939,263,0,475,624,857,293,676,0,0,0,0,0,0,0,0,0,0,0,0,0,0,0,0,0,0,0,0,0,0,0,0,0,0,0
20191001,441,451,773,251,542,785,772,362,1057,1388,883,1715,294,0,461,580,720,399,557,0,0,0,0,0,0,0,0,0,0,0,0,0,0,0,0,0,0,0,0,0,0,0,0,0,0,0
20191002,492,478,1091,321,691,746,950,439,1309,1500,910,2255,186,0,469,466,830,254,706,0,0,0,0,0,0,0,0,0,0,0,0,0,0,0,0,0,0,0,0,0,0,0,0,0,0,0
20191003,476,475,961,315,784,938,951,475,1261,1604,1034,2196,404,0,676,712,929,310,737,2,0,0,0,0,0,0,0,0,0,0,0,0,0,0,0,0,0,0,0,0,0,0,0,0,0,0
20191004,547,496,984,293,811,905,1046,458,1351,1417,982,2117,388,0,596,650,856,447,682,0,0,0,0,0,0,0,0,0,0,0,0,0,0,0,0,0,0,0,0,0,0,0,0,0,0,0
20191005,338,352,805,223,587,484,768,210,1300,1099,735,1492,174,0,330,281,616,139,354,0,0,0,0,0,0,0,0,0,0,0,0,0,0,0,0,0,0,0,0,0,0,0,0,0,0,0
20191006,202,169,418,111,306,280,447,120,741,550,399,852,140,0,213,136,342,176,150,0,0,0,0,0,0,0,0,0,0,0,0,0,0,0,0,0,0,0,0,0,0,0,0,0,0,0
20191007,434,474,886,274,744,862,860,358,1308,1475,929,2310,264,0,549,640,854,584,655,0,0,0,0,0,0,0,0,0,0,0,0,0,0,0,0,0,0,0,0,0,0,0,0,0,0,0
20191008,527,526,1071,318,871,845,971,447,1339,1635,1055,2566,331,0,629,699,929,562,741,0,0,0,0,0,0,0,0,0,0,0,0,0,0,0,0,0,0,0,0,0,0,0,0,0,0,0
20191009,514,529,1094,303,873,988,1066,511,1550,1763,1155,2631,379,0,651,645,915,1134,780,3,0,0,0,0,0,0,0,0,0,0,0,0,0,0,0,0,0,0,0,0,0,0,0,0,0,0
20191010,508,532,1023,346,844,856,1032,533,1500,1771,1153,2438,376,0,653,623,959,1233,775,1,0,0,0,0,0,0,0,0,0,0,0,0,0,0,0,0,0,0,0,0,0,0,0,0,0,0
20191011,435,443,747,273,663,794,662,331,1096,1410,862,1900,264,0,505,535,797,866,540,2,0,0,0,0,0,0,0,0,0,0,0,0,0,0,0,0,0,0,0,0,0,0,0,0,0,0
20191012,247,232,525,142,336,268,518,219,1007,717,530,1122,189,0,237,239,550,681,207,0,0,0,0,0,0,0,0,0,0,0,0,0,0,0,0,0,0,0,0,0,0,0,0,0,0,0
20191013,243,177,580,120,399,361,626,206,986,535,517,1205,178,0,277,178,470,562,213,0,0,0,0,0,0,0,0,0,0,0,0,0,0,0,0,0,0,0,0,0,0,0,0,0,0,0
20191014,435,385,768,244,521,801,765,386,1214,1289,933,2041,303,0,526,504,792,954,552,0,0,0,0,0,0,0,0,0,0,0,0,0,0,0,0,0,0,0,0,0,0,0,0,0,0,0
20191015,494,522,1002,345,784,999,1009,519,1483,1447,1083,2462,385,0,669,669,951,1156,733,2,0,0,0,0,0,0,0,0,0,0,0,0,0,0,0,0,0,0,0,0,0,0,0,0,0,0
20191016,487,473,982,288,818,955,1037,432,1417,1610,1044,2510,315,0,705,676,936,1045,657,1,0,0,0,0,0,0,0,0,0,0,0,0,0,0,0,0,0,0,0,0,0,0,0,0,0,0
20191017,425,477,946,309,745,815,961,467,1410,1548,1054,2469,330,0,531,567,916,1054,702,3,0,0,0,0,0,0,0,0,0,0,0,0,0,0,0,0,0,0,0,0,0,0,0,0,0,0
20191018,372,386,849,293,522,610,707,447,1148,1350,860,2247,247,0,504,499,771,930,497,3,0,0,0,0,0,0,0,0,0,0,0,0,0,0,0,0,0,0,0,0,0,0,0,0,0,0
20191019,319,279,736,159,473,422,705,301,1157,875,580,1509,198,0,298,232,568,836,288,1,0,0,0,0,0,0,0,0,0,0,0,0,0,0,0,0,0,0,0,0,0,0,0,0,0,0
20191020,275,176,632,139,403,529,703,260,1025,707,655,1314,229,0,304,206,549,714,307,1,0,0,0,0,0,0,0,0,0,0,0,0,0,0,0,0,0,0,0,0,0,0,0,0,0,0
20191021,400,313,835,175,580,694,926,401,1253,1148,884,2388,326,0,459,535,727,872,492,5,0,0,0,0,0,0,0,0,0,0,0,0,0,0,0,0,0,0,0,0,0,0,0,0,0,0
20191022,477,415,990,232,670,849,954,424,1315,1165,947,2736,395,29,519,559,719,952,556,2,0,0,0,0,0,0,0,0,0,0,0,0,0,0,0,0,0,0,0,0,0,0,0,0,0,0
20191023,425,348,845,197,531,698,864,381,1239,1219,925,1969,376,0,485,513,798,1047,550,2,0,0,0,0,0,0,0,0,0,0,0,0,0,0,0,0,0,0,0,0,0,0,0,0,0,0
20191024,364,301,683,170,435,637,626,283,861,1015,836,1683,259,0,414,490,709,862,470,0,0,0,0,0,0,0,0,0,0,0,0,0,0,0,0,0,0,0,0,0,0,0,0,0,0,0
20191025,358,368,891,185,547,561,686,318,1242,909,813,1955,292,0,391,507,702,950,479,1,0,0,0,0,0,0,0,0,0,0,0,0,0,0,0,0,0,0,0,0,0,0,0,0,0,0
20191026,218,192,476,112,288,252,501,201,803,544,450,906,160,0,195,190,443,588,183,4,0,0,0,0,0,0,0,0,0,0,0,0,0,0,0,0,0,0,0,0,0,0,0,0,0,0
20191027,248,184,669,147,360,453,535,253,738,595,495,1203,144,0,222,139,323,689,206,0,0,0,0,0,0,0,0,0,0,0,0,0,0,0,0,0,0,0,0,0,0,0,0,0,0,0
20191028,450,398,980,270,708,834,992,379,1193,1498,967,2597,302,0,589,441,761,1029,665,3,0,0,0,0,0,0,0,0,0,0,0,0,0,0,0,0,0,0,0,0,0,0,0,0,0,0
20191029,446,401,995,283,623,819,842,362,1059,1538,935,2440,287,0,511,427,757,1069,626,1,0,0,0,0,0,0,0,0,0,0,0,0,0,0,0,0,0,0,0,0,0,0,0,0,0,0
20191030,461,369,1020,298,701,800,999,398,1292,1482,954,2367,270,0,604,488,868,1145,702,1,0,0,0,0,0,0,0,0,0,0,0,0,0,0,0,0,0,0,0,0,0,0,0,0,0,0
20191031,461,394,951,296,707,815,1020,390,1435,1426,999,2438,264,0,588,465,704,1074,665,2,0,0,0,0,0,0,0,0,0,0,0,0,0,0,0,0,0,0,0,0,0,0,0,0,0,0
20191101,384,379,690,273,535,576,602,296,984,1060,745,2176,337,0,430,168,470,773,453,8,89,204,12,38,20,72,26,0,0,0,0,0,0,0,0,0,0,0,0,0,0,0,0,0,0,0
20191102,241,231,455,126,313,286,431,170,792,399,456,1009,124,0,218,1,228,517,195,107,0,85,2,67,26,73,87,0,0,0,0,0,0,0,0,0,0,0,0,0,0,0,0,0,0,0
20191103,194,148,513,123,252,266,436,152,845,394,442,979,103,0,185,2,171,504,250,99,85,71,8,89,36,91,83,0,0,0,0,0,0,0,0,0,0,0,0,0,0,0,0,0,0,0
20191104,341,392,861,300,589,703,829,299,1271,1011,881,2325,226,0,427,66,412,1012,736,81,258,373,31,444,110,134,380,0,0,0,0,0,0,0,0,0,0,0,0,0,0,0,0,0,0,0
20191105,357,415,773,265,473,734,644,334,885,1031,871,2126,294,0,384,283,382,972,668,2,177,240,18,427,94,176,374,0,0,0,0,0,0,0,0,0,0,0,0,0,0,0,0,0,0,0
20191106,370,415,939,294,525,711,742,364,1037,1246,797,2229,301,0,452,275,369,857,726,6,95,355,21,363,73,212,371,0,0,0,0,0,0,0,0,0,0,0,0,0,0,0,0,0,0,0
20191107,366,406,966,266,586,705,853,361,1014,983,872,2295,251,0,438,201,370,971,589,2,226,417,0,381,98,149,317,0,0,0,0,0,0,0,0,0,0,0,0,0,0,0,0,0,0,0
20191108,362,391,691,252,497,614,619,277,796,1043,702,1852,300,0,395,191,329,302,223,0,221,279,0,514,101,144,350,0,0,0,0,0,0,0,0,0,0,0,0,0,0,0,0,0,0,0
20191109,155,235,571,123,353,283,439,217,642,642,452,982,171,0,243,96,232,0,97,0,153,115,0,99,44,42,112,0,0,0,0,0,0,0,0,0,0,0,0,0,0,0,0,0,0,0
20191110,210,188,676,126,295,381,565,219,771,475,548,1148,127,0,192,64,224,0,70,0,114,111,0,92,58,36,101,0,0,0,0,0,0,0,0,0,0,0,0,0,0,0,0,0,0,0
20191111,320,326,778,234,490,714,624,257,729,689,672,1939,240,0,357,225,322,386,113,1,115,297,17,441,95,109,305,0,0,0,0,0,0,0,0,0,0,0,0,0,0,0,0,0,0,0
20191112,328,362,862,287,467,739,770,220,945,1117,791,2045,296,0,425,181,295,953,164,0,228,277,20,0,115,138,428,0,0,0,0,0,0,0,0,0,0,0,0,0,0,0,0,0,0,0
20191113,404,403,1013,287,590,816,973,452,1145,1018,886,2426,330,0,520,284,0,1010,196,4,232,413,17,78,135,114,443,0,0,0,0,0,0,0,0,0,0,0,0,0,0,0,0,0,0,0
20191114,311,335,674,196,366,641,598,231,828,957,597,1641,199,0,275,154,174,637,102,0,181,214,14,320,96,114,219,4,1,0,0,35,0,4,1,2,1,12,9,1,0,0,0,0,0,0
20191115,307,343,645,234,479,612,629,224,855,889,723,1818,178,0,314,196,249,746,152,5,222,198,14,395,140,133,272,15,4,1,5,64,0,12,3,16,3,10,16,2,1,0,0,0,0,0
20191116,245,249,657,130,362,392,628,111,1089,665,581,1175,133,0,247,20,202,686,105,3,158,99,15,62,64,77,84,5,0,1,1,21,0,7,12,4,2,5,24,0,1,0,0,0,0,0
20191117,204,183,590,109,349,422,603,153,839,417,565,1143,185,0,249,92,202,619,110,1,151,93,7,88,73,65,105,5,3,0,1,27,0,7,2,4,0,5,15,1,8,0,0,0,0,0
20191118,391,340,901,250,595,819,853,311,999,810,892,2171,223,0,421,188,256,908,113,2,232,287,37,369,229,88,364,17,3,1,1,79,0,15,13,29,8,10,29,0,6,0,0,0,0,0
20191119,334,361,953,278,531,804,819,365,1092,1195,841,2189,212,0,487,236,259,933,219,2,240,289,1131,380,170,164,416,19,3,6,1,61,2,16,10,33,37,13,40,3,5,0,0,0,0,0
20191120,364,359,929,280,514,796,783,334,1167,1267,804,2204,226,0,514,250,263,919,252,2,256,324,1443,446,189,191,363,18,6,5,2,86,3,25,21,24,15,9,78,3,5,44,5,2,4,0
20191121,384,332,844,259,457,734,764,346,1197,1353,859,2042,283,0,442,250,276,917,203,2,224,261,1863,325,134,193,352,6,3,5,3,70,3,25,7,33,14,11,48,3,3,95,5,3,11,0
20191122,302,324,615,262,430,623,721,316,1282,1024,788,1754,302,0,389,187,253,807,121,2,209,235,1347,303,159,165,295,13,1,2,13,60,2,20,5,15,4,14,24,0,4,45,1,8,6,0
20191123,205,224,563,114,329,345,623,166,1011,610,527,1261,168,0,237,86,173,600,62,2,125,91,446,67,85,109,75,8,2,1,2,28,2,13,3,8,0,12,12,1,0,24,0,0,10,0
20191124,189,187,590,127,293,361,674,163,957,510,531,1316,193,0,209,78,161,535,98,3,115,100,524,92,86,80,125,2,3,1,6,25,0,9,7,4,1,11,28,1,6,23,0,0,10,0
20191125,327,371,683,249,468,659,671,266,1006,1061,734,2044,270,0,382,252,212,734,133,1,182,208,1199,128,155,207,337,14,1,3,9,53,0,14,6,15,5,18,22,0,0,30,3,9,5,3
20191126,327,348,725,245,395,596,598,296,1074,1159,672,2238,241,0,347,148,227,694,152,4,179,228,1237,174,141,204,294,9,3,5,11,43,0,10,11,19,7,19,23,0,0,44,5,9,11,39
20191127,321,330,649,252,386,698,617,275,606,1076,675,1855,241,0,358,164,239,642,126,2,199,236,1182,237,145,169,258,9,3,3,8,37,0,17,0,14,3,20,22,0,1,36,0,7,5,34
20191128,304,336,582,225,376,614,527,225,559,897,720,1836,227,0,332,163,208,625,129,3,140,181,913,234,148,193,296,5,1,2,11,36,2,12,2,13,1,13,11,0,1,26,1,13,4,16
20191129,278,345,838,267,409,655,747,348,615,1102,718,1990,255,0,395,198,254,848,99,0,91,307,1610,200,168,113,337,13,6,1,8,77,6,6,4,9,7,12,33,0,6,64,2,6,2,23
20191130,187,184,560,136,305,356,571,203,459,681,415,957,207,0,217,77,171,3,95,0,0,84,521,68,75,78,104,11,3,1,0,31,0,0,0,3,6,8,36,1,3,16,2,0,3,0
20191201,177,138,518,120,248,354,472,193,510,500,462,962,195,0,227,61,164,515,65,0,141,69,435,90,64,75,79,9,6,1,4,40,2,6,3,2,7,3,26,0,0,15,3,1,0,4
20191202,268,340,788,244,443,687,733,280,1067,1123,765,1802,260,0,375,176,239,839,129,3,186,303,1511,314,162,132,332,4,0,6,8,82,10,14,11,17,46,19,60,5,2,39,3,3,6,19
20191203,302,327,835,224,415,731,700,261,1266,1062,792,1875,295,0,372,234,273,831,180,5,0,315,1626,436,154,198,373,28,7,8,9,101,8,0,0,21,28,15,73,1,2,41,5,8,9,19
20191204,313,362,801,241,442,726,685,321,1342,1121,688,2121,279,0,366,159,284,826,113,2,163,300,1576,230,138,143,312,10,9,8,9,69,4,24,12,22,42,15,61,2,5,60,0,3,5,22
20191205,292,354,474,265,413,720,643,296,1316,1115,720,2033,324,0,389,150,274,840,158,4,191,252,1575,368,145,180,319,16,3,8,17,92,3,20,8,28,42,13,82,2,5,48,3,10,5,22
20191206,262,322,586,179,383,514,426,250,955,895,565,1674,233,0,236,120,237,579,128,0,145,187,488,307,116,156,244,8,1,4,9,67,3,11,2,11,14,10,45,3,1,96,1,8,5,31
20191207,271,206,619,135,368,360,542,107,550,915,489,999,114,0,233,76,199,635,128,1,180,101,620,39,96,96,92,12,6,1,3,52,4,3,1,7,9,10,57,0,2,15,5,6,6,14
20191208,209,164,519,113,294,286,495,95,868,455,439,993,169,0,207,59,154,445,84,1,116,71,429,72,56,58,71,2,4,2,1,28,2,5,0,4,7,0,17,2,5,13,3,4,2,3
20191209,355,313,794,263,576,622,666,298,1226,1023,805,1864,224,0,440,201,215,697,204,0,234,362,1787,284,145,146,338,19,8,4,15,76,12,21,7,22,48,10,39,2,9,104,4,7,6,24
20191210,285,282,651,218,382,622,459,276,930,949,657,1544,194,0,304,139,237,650,164,1,107,216,1076,363,89,109,330,16,1,3,13,65,9,6,5,23,33,11,34,0,3,40,4,7,5,31
20191211,301,317,811,268,400,652,525,330,1265,1173,716,1727,320,0,460,194,217,679,172,0,182,292,1653,319,139,161,354,24,3,8,8,89,22,20,12,16,29,11,36,2,12,114,1,7,4,19
20191212,344,327,478,196,333,520,389,232,1049,940,679,1433,213,0,293,136,243,596,139,0,136,158,761,367,139,169,279,17,3,4,5,71,6,14,9,18,29,4,26,2,1,46,0,4,4,22
20191213,220,264,528,211,351,433,441,209,960,729,594,1469,153,0,312,101,133,536,143,0,142,204,1199,303,72,112,245,11,0,1,2,46,3,7,3,9,17,4,14,1,6,34,1,4,1,19
20191214,189,181,448,131,295,250,390,126,982,526,428,786,166,0,197,62,155,469,70,1,101,72,494,77,68,76,71,5,5,0,0,31,3,3,1,7,16,6,24,0,1,25,1,1,2,5
20191215,135,150,427,111,212,249,380,142,848,503,403,701,147,0,197,69,160,428,80,0,129,79,441,99,58,63,90,12,11,1,1,26,2,2,9,7,11,14,23,0,5,26,1,3,5,3
20191216,317,328,683,257,479,621,669,269,1141,908,705,1903,194,0,441,215,252,700,207,1,219,258,1388,270,124,118,306,27,1,8,0,64,10,17,8,18,32,9,51,0,9,87,0,6,8,19
20191217,259,279,451,234,372,472,361,237,977,792,643,1646,254,0,331,182,189,517,140,2,169,202,914,344,119,158,238,22,0,3,2,56,15,10,4,13,22,7,11,2,5,46,0,7,1,27
20191218,267,302,575,216,422,635,506,285,1241,966,612,1724,225,0,420,165,240,702,204,4,188,231,1141,263,141,208,281,25,7,6,6,96,11,12,10,17,34,11,36,1,4,112,2,10,5,18
20191219,219,272,534,219,318,521,449,220,1042,774,611,1424,195,0,339,122,217,525,132,2,180,146,566,199,109,135,204,22,3,3,10,66,8,16,3,6,17,11,18,1,0,38,1,2,2,15
20191220,181,187,412,162,230,365,272,239,871,542,394,903,115,0,233,71,129,355,113,0,102,95,569,215,74,82,114,10,0,3,1,44,5,12,0,3,3,7,14,1,3,34,1,3,1,9
20191221,176,155,412,123,271,227,385,208,861,446,428,707,154,0,213,57,167,421,62,0,29,48,358,52,60,55,62,10,5,3,3,15,0,0,0,2,5,9,22,1,2,25,4,1,1,3
20191222,82,120,341,98,167,156,295,134,742,352,348,550,132,0,191,45,120,348,83,0,51,43,295,65,53,50,45,10,1,0,2,17,0,4,0,2,5,8,14,2,2,58,2,3,0,4
20191223,198,184,519,145,257,285,456,222,931,560,501,898,138,0,299,102,170,474,111,4,102,101,668,156,93,44,172,15,4,1,3,42,8,9,2,4,14,9,20,2,6,59,1,1,4,4
20191224,156,147,379,99,258,178,381,234,718,387,372,672,175,0,254,67,175,417,132,0,147,73,523,138,102,78,143,22,3,1,6,30,3,4,5,3,11,11,20,1,3,52,5,0,2,8
20191225,36,49,141,52,91,23,186,75,267,91,174,264,54,0,83,15,39,105,22,0,31,28,172,51,38,25,49,1,2,0,0,9,1,2,1,0,3,3,4,0,2,21,2,1,1,1
20191226,40,34,144,34,58,32,187,79,273,95,184,275,57,0,101,17,37,138,32,1,49,24,168,43,32,18,51,7,1,0,0,15,0,2,0,0,3,3,5,0,0,19,1,0,0,0
20191227,144,99,314,93,168,151,319,85,581,264,274,577,103,0,200,32,102,326,66,0,93,64,455,107,70,57,100,25,1,1,2,28,0,7,3,1,6,3,18,0,2,43,0,2,2,3
20191228,111,107,335,71,173,159,351,97,672,314,280,572,118,0,177,32,94,324,85,1,68,38,303,56,40,51,71,21,0,0,2,26,6,4,7,5,4,5,17,5,2,21,1,1,2,3
20191229,103,94,345,89,190,150,333,94,594,224,319,563,117,0,215,47,100,312,79,3,0,62,286,81,61,48,73,6,1,0,2,27,2,0,0,0,6,4,35,1,2,13,6,2,2,4
20191230,146,131,441,113,234,208,387,139,725,387,419,735,92,0,244,88,105,408,94,1,108,94,574,92,104,51,158,14,2,0,3,38,1,2,0,7,10,7,25,1,7,65,1,4,6,5
20191231,162,152,484,90,325,215,433,140,835,445,433,853,143,0,299,64,176,400,100,0,157,78,545,7,83,83,142,23,3,2,0,28,5,8,1,4,8,12,30,2,5,23,0,0,3,9
20200101,109,72,286,60,121,146,316,77,457,179,325,442,99,0,178,49,105,182,81,1,85,49,241,93,51,30,79,11,0,0,3,17,1,0,1,4,2,1,12,0,3,15,0,1,1,4
20200102,199,160,482,128,359,385,582,133,878,643,478,1194,213,0,324,169,202,494,169,2,138,122,768,230,97,60,198,8,0,1,4,37,3,7,4,2,9,3,46,0,3,46,4,0,3,8
20200103,193,170,515,124,312,300,524,138,859,240,499,959,176,0,252,128,160,454,104,0,101,129,822,142,92,66,148,3,2,0,0,36,3,5,2,2,5,8,17,0,4,44,2,1,1,15
20200104,196,163,495,109,321,226,509,118,937,408,412,840,181,0,246,103,161,406,130,2,109,51,396,86,71,85,94,14,4,0,3,23,1,9,4,6,11,6,44,0,1,16,5,3,2,3
20200105,150,145,408,90,269,197,446,149,850,365,398,817,113,0,261,81,178,348,138,4,99,67,379,110,61,69,88,19,2,2,3,35,3,2,1,4,5,6,35,1,3,20,3,0,1,6
20200106,258,283,631,222,481,506,717,251,1191,810,703,1796,257,0,430,213,272,709,252,2,155,264,1503,371,125,198,300,26,3,12,9,71,10,12,2,13,14,11,58,0,11,132,9,5,5,18
20200107,272,338,743,265,330,0,735,228,1276,1055,803,1919,216,0,517,225,295,751,238,2,205,261,1700,347,142,194,310,26,5,7,10,122,12,13,10,16,20,26,58,4,10,147,5,13,9,23
20200108,313,347,760,273,387,0,802,379,1249,1185,921,2038,268,0,557,282,378,731,283,0,194,335,1808,380,151,172,357,27,1,12,5,123,28,17,10,13,36,12,75,2,10,90,5,8,4,24
20200109,232,303,546,256,429,0,523,251,902,1009,714,1598,270,0,315,238,271,550,191,1,179,180,1026,292,116,199,263,17,3,8,7,73,19,14,5,16,33,17,29,2,12,33,7,9,6,24
20200110,314,352,829,226,555,0,790,367,1353,880,807,1818,267,0,377,270,295,716,252,1,171,349,1641,357,165,198,320,22,9,12,7,87,15,12,6,18,30,8,25,2,9,52,13,4,8,23
20200111,217,261,604,153,408,0,693,221,1209,592,535,1181,197,0,263,128,223,550,175,5,131,96,643,141,106,85,104,18,11,3,4,56,6,7,1,11,9,9,53,2,1,41,9,5,11,10
20200112,149,165,548,107,340,0,540,168,1066,355,484,949,137,0,240,79,187,491,148,0,0,91,433,102,71,95,97,14,3,5,1,39,2,0,0,3,8,6,39,4,8,30,3,4,1,22
20200113,274,353,599,267,424,0,534,263,1093,1234,659,1688,208,0,328,206,255,691,231,3,220,234,1233,360,141,139,310,27,5,14,10,72,15,15,14,16,27,12,70,2,4,19,11,9,12,24
20200114,252,339,675,249,423,0,511,287,1080,933,630,1632,252,0,321,171,284,616,208,1,227,216,1199,325,131,190,320,21,4,15,15,95,16,15,11,32,29,10,43,0,10,47,8,12,10,29
20200115,330,328,778,232,496,12,653,305,1319,943,785,1947,242,0,349,207,295,624,183,1,183,317,1385,263,149,163,268,11,4,7,6,92,23,10,2,5,22,14,26,6,5,111,9,9,5,23
20200116,317,347,731,227,545,727,684,323,1341,1148,837,1957,233,0,446,220,280,816,227,6,127,284,580,373,180,209,327,35,3,13,11,123,27,20,10,21,27,16,58,4,31,11,9,14,13,29
20200117,273,361,777,245,461,609,632,302,1320,935,658,2003,216,0,381,216,251,751,181,0,0,294,1155,318,136,206,283,14,5,8,4,110,20,0,0,16,17,15,38,3,14,78,4,16,2,22
20200118,281,235,671,134,327,383,573,169,1173,426,451,1036,145,0,214,116,149,590,94,2,125,100,608,75,94,75,84,4,6,4,0,43,3,6,2,3,10,6,26,4,5,32,1,9,5,11
20200119,196,198,548,121,302,363,516,181,1037,334,411,981,138,0,192,74,147,565,74,0,95,78,512,82,96,102,102,5,3,0,0,29,3,5,0,3,8,4,27,3,9,34,2,4,0,9
20200120,370,350,733,293,448,857,627,283,1229,1088,690,1873,233,0,368,239,260,729,169,1,186,326,1746,311,181,150,361,10,5,8,2,90,26,11,4,27,24,7,50,1,23,104,8,11,8,18
20200121,312,336,759,288,471,770,588,264,1274,1176,796,2179,225,0,439,270,305,785,209,1,195,312,1696,312,198,254,334,21,7,8,12,89,21,27,10,31,65,24,69,2,20,99,11,7,7,32
20200122,347,359,668,268,499,821,589,324,1153,1126,803,2077,249,0,415,257,357,763,189,0,230,243,1508,338,181,212,295,19,2,10,14,103,21,11,10,18,24,22,62,3,27,43,10,17,6,31
20200123,355,344,833,266,499,777,674,353,1387,1109,918,2084,228,0,483,255,321,796,197,0,219,292,1730,407,188,247,331,25,4,8,14,106,22,17,20,11,16,12,110,3,27,117,3,11,8,23
20200124,349,355,805,252,523,754,626,332,1428,1085,861,1961,208,0,498,198,334,831,191,0,206,308,1595,308,179,247,353,19,2,7,8,118,18,22,12,18,19,19,104,2,21,100,4,14,10,10
20200125,283,236,649,140,350,403,588,165,1213,580,519,1235,236,0,275,119,249,702,144,1,116,118,535,114,96,109,127,23,4,3,4,53,7,7,1,3,15,11,75,8,15,44,1,2,1,18
20200126,176,190,474,124,285,338,417,91,963,502,422,1086,173,0,210,73,206,500,127,0,138,80,375,99,72,95,74,17,3,7,2,46,7,5,1,4,15,11,62,3,9,21,5,0,5,13
20200127,363,339,680,211,379,717,500,250,1165,1019,756,1933,264,0,392,219,235,778,165,7,195,234,996,226,160,195,283,28,2,5,6,95,10,15,8,15,17,17,42,4,15,31,5,15,4,25
20200128,372,375,861,289,475,800,672,300,1460,1030,822,2138,221,0,445,197,274,882,238,0,228,304,1783,319,208,193,365,14,3,11,4,129,30,13,6,27,33,8,49,4,17,47,1,9,16,23
20200129,360,374,906,292,536,797,754,293,1566,1190,806,1935,247,0,497,248,309,930,291,3,242,366,1800,364,214,228,400,30,5,4,7,126,28,7,3,32,35,8,80,4,23,48,7,12,14,25
20200130,357,355,741,265,528,750,622,312,1337,1220,807,2217,308,0,484,231,326,835,229,1,248,357,1555,246,210,227,397,47,5,12,9,129,13,20,9,28,37,18,87,7,34,82,3,8,6,32
20200131,342,366,891,283,558,740,615,310,1412,1261,787,2007,301,0,472,220,344,717,215,2,264,263,1534,300,210,255,310,47,3,5,17,162,19,16,21,42,51,25,90,11,17,74,7,9,10,40
20200201,266,246,738,176,420,401,522,243,1249,680,589,1322,205,0,252,106,245,615,118,0,127,108,706,124,84,114,118,13,5,4,3,42,5,10,3,7,11,16,48,4,5,25,2,3,10,16
20200202,180,193,595,147,331,358,538,141,1117,518,531,1126,176,0,244,73,184,533,130,0,132,94,425,94,84,105,77,17,4,1,3,56,4,5,9,7,24,4,44,2,4,25,2,3,4,9
20200203,414,188,868,296,667,850,836,343,1512,1193,867,2516,273,0,580,298,327,940,258,1,323,387,1799,429,221,255,433,19,2,9,8,127,21,16,4,27,44,10,93,12,43,52,5,9,10,25
20200204,448,0,945,310,703,847,897,330,1469,1252,946,2634,276,0,618,216,390,891,232,0,312,399,1888,458,263,241,420,21,3,14,9,143,19,8,13,45,34,14,131,5,62,63,4,9,16,60
20200205,424,0,935,298,632,803,740,320,1236,1320,880,2272,298,0,597,217,386,845,285,0,285,367,1815,361,232,275,433,43,2,14,10,115,31,13,9,15,26,18,87,9,43,72,4,9,10,47
20200206,387,0,813,317,571,791,746,337,1158,1207,842,2003,190,0,484,215,318,835,180,0,126,374,1767,366,249,254,412,36,4,10,8,115,21,8,0,34,42,11,76,6,40,99,2,11,12,51
20200207,339,0,880,301,574,741,683,335,1213,1289,875,1928,225,0,479,276,377,796,266,0,214,358,1644,358,241,251,359,61,6,9,8,133,29,10,5,21,59,8,85,5,35,114,4,6,9,25
20200208,208,0,690,163,392,385,531,159,1267,679,564,1242,221,0,241,126,227,668,100,0,109,94,570,115,111,126,123,19,5,6,3,65,4,8,4,6,22,18,63,4,18,34,3,5,6,25
20200209,71,0,237,60,127,163,256,52,587,218,263,462,72,0,105,13,81,262,14,0,68,32,171,43,21,33,26,12,0,3,1,11,0,4,5,1,4,7,11,4,7,24,1,0,0,14
20200210,309,0,618,269,435,705,544,197,1146,1080,648,1530,222,0,363,205,250,362,156,0,252,226,1322,253,182,188,294,21,1,3,4,105,25,13,4,20,50,26,25,16,30,65,7,8,8,16
20200211,372,3,825,304,584,763,696,300,1256,1145,861,2158,187,0,411,208,302,450,155,0,180,351,1548,225,239,208,329,21,3,3,8,86,15,13,6,16,46,8,47,5,49,54,6,11,11,86
20200212,385,0,862,285,571,776,760,259,1296,1255,898,2295,172,0,441,133,323,404,146,0,173,313,1650,387,236,210,354,18,0,2,3,110,11,16,1,17,34,16,72,6,52,63,1,11,11,49
20200213,327,0,764,284,532,781,658,288,1277,1254,795,2118,234,0,438,186,296,486,216,0,275,302,1689,379,255,208,315,44,2,4,6,138,31,28,15,17,42,13,60,8,57,125,2,11,16,68
20200214,354,0,723,315,524,732,690,167,1213,1322,781,1959,281,0,505,283,368,500,255,1,286,279,1570,375,236,191,327,68,6,9,10,144,19,18,9,6,13,22,103,8,54,47,2,12,10,68
20200215,160,0,349,109,211,259,339,137,846,474,378,811,95,0,181,77,173,432,51,0,100,53,290,101,44,69,40,37,4,4,4,22,3,8,3,2,3,20,32,2,20,26,4,0,6,20
20200216,112,0,326,74,176,236,320,86,840,361,341,745,92,0,140,46,121,355,30,0,79,43,247,70,29,59,33,7,2,1,2,18,2,11,1,0,1,10,17,10,11,50,4,1,0,14
20200217,304,0,753,209,498,760,618,227,1329,1078,752,1870,205,0,360,300,305,821,153,0,244,277,1384,408,196,125,295,26,1,2,1,63,7,11,4,6,11,13,43,7,59,73,2,5,7,14
20200218,329,0,637,168,490,725,612,235,1182,1080,745,1987,255,0,369,265,359,724,195,0,276,219,1249,469,186,121,305,37,3,3,5,75,6,9,17,4,10,13,96,2,48,59,6,1,5,27
20200219,360,0,529,201,409,663,485,231,1079,1231,819,1800,252,0,325,296,252,706,166,0,245,194,1137,427,180,107,306,57,3,6,2,69,11,24,11,6,21,16,38,7,38,58,4,3,5,21
20200220,302,0,656,156,419,641,591,236,1106,1128,725,1822,228,0,334,258,307,751,120,2,219,214,1289,403,166,125,266,42,2,1,4,57,4,24,7,4,13,17,44,4,37,85,8,2,3,25
20200221,373,324,714,217,554,649,730,293,1398,1049,737,1925,192,0,469,268,358,781,179,1,351,219,1460,387,193,134,289,42,0,6,1,49,9,13,2,3,15,12,64,3,55,55,2,1,6,17
20200222,257,194,526,157,334,416,625,102,1123,698,421,1123,150,0,245,79,169,501,85,1,141,66,464,101,69,78,68,25,5,1,3,33,3,4,4,4,7,11,77,2,10,36,2,2,3,17
20200223,205,145,458,147,291,388,453,158,1019,525,400,960,125,0,218,48,148,435,67,0,91,76,430,83,64,97,48,9,3,2,1,17,6,8,2,0,5,14,19,4,11,31,0,1,5,20
20200224,340,393,761,289,622,722,693,273,1401,1333,915,2060,136,0,485,283,353,743,156,2,315,302,1604,354,225,248,329,56,4,8,7,119,28,14,14,22,39,25,74,8,54,105,15,13,9,33
20200225,353,400,713,310,507,746,663,370,1272,1117,850,1998,181,0,467,311,330,710,208,1,275,237,1374,463,244,232,385,42,0,6,7,146,25,4,6,8,40,18,64,5,41,48,7,17,16,50
20200226,397,366,828,315,705,743,916,397,1466,1329,950,2186,186,0,571,272,369,655,229,0,289,399,1817,292,250,221,379,33,1,6,6,136,35,14,8,13,27,9,72,5,47,53,5,15,10,30
20200227,297,307,724,273,579,722,651,311,1325,1061,759,2017,151,0,348,211,286,196,108,0,172,295,1324,320,185,194,241,14,1,4,2,108,19,18,2,3,26,12,33,4,39,73,8,10,8,69
20200228,293,347,544,264,476,649,491,297,1083,1289,752,1814,139,0,363,257,314,173,144,0,240,278,1220,450,199,228,311,36,2,7,2,137,23,12,4,14,38,21,43,5,50,40,9,9,7,82
20200229,219,214,554,149,308,309,366,188,1059,565,357,1094,118,0,192,71,185,159,46,0,101,100,472,85,57,93,63,5,2,7,2,28,5,1,0,3,8,12,31,2,10,24,2,6,4,22
20200301,194,197,574,147,313,309,481,217,1107,570,469,1061,119,0,220,105,195,347,74,0,105,83,460,116,81,85,65,9,3,2,4,29,1,1,5,0,6,5,54,1,18,21,2,8,19,11
20200302,394,426,795,328,797,798,839,410,1474,1337,822,2629,234,0,492,332,360,492,155,0,163,421,1878,473,288,234,379,38,6,14,6,125,30,7,5,9,41,15,48,3,49,57,10,14,9,37
20200303,370,439,890,298,702,775,811,294,1467,1310,986,2446,285,0,538,349,445,662,320,0,289,444,2062,492,346,246,424,45,1,20,8,142,42,18,6,16,37,18,105,7,60,71,6,13,20,45
20200304,398,411,760,315,594,772,826,405,1398,1609,895,2103,316,0,570,349,477,586,325,2,257,337,1588,16,316,294,419,75,6,10,7,165,39,15,22,17,38,11,110,8,48,44,6,14,25,31
20200305,348,389,735,294,583,742,761,289,1269,1316,955,1999,148,0,493,330,302,577,221,2,199,365,1596,79,297,248,397,87,7,12,6,157,21,22,17,15,48,13,76,13,84,110,10,10,9,12
20200306,379,417,845,309,650,557,732,300,1187,934,830,2286,147,0,425,307,312,692,153,0,281,383,1682,332,322,186,361,16,0,5,2,123,21,17,3,9,16,16,40,3,59,59,6,6,4,20
20200307,277,294,667,186,414,400,593,104,1248,778,569,1202,217,0,275,132,328,535,158,0,90,110,577,134,112,107,110,37,6,4,3,44,13,10,3,0,10,14,87,3,12,21,5,2,3,15
20200308,244,239,636,160,388,419,473,223,1221,645,483,1039,131,0,235,88,577,427,166,0,109,95,472,122,85,118,76,23,5,2,5,40,11,9,2,5,8,35,34,2,15,25,4,2,10,10
20200309,369,413,657,293,632,734,558,296,1191,1412,833,2177,269,0,450,286,426,585,277,0,109,297,1225,437,320,261,414,64,9,19,12,151,39,11,19,20,42,19,91,6,37,32,5,13,13,10
20200310,436,415,791,295,673,753,819,347,1523,1392,979,2283,219,0,513,305,437,527,267,0,294,360,1638,289,332,272,390,68,7,14,8,151,41,9,14,25,37,21,77,13,48,73,7,12,23,2
20200311,463,410,936,333,784,655,860,354,1505,1283,952,2518,254,0,629,249,505,586,378,0,384,399,1661,474,348,232,394,59,2,9,5,127,42,13,12,6,29,18,104,7,63,48,3,12,6,1
20200312,407,380,857,325,678,548,670,324,1398,967,769,2475,209,0,432,243,336,689,262,1,261,375,1622,353,281,193,305,44,4,3,3,118,17,8,6,10,19,14,44,7,44,49,7,14,6,1
20200313,399,389,817,326,639,638,846,341,1473,1263,789,2353,172,0,475,198,406,667,306,0,222,338,1456,33,262,265,347,56,2,8,10,134,32,3,9,8,37,20,94,12,32,86,4,11,8,0
20200314,243,250,590,137,396,342,643,166,1162,639,524,1103,161,0,282,107,264,434,156,0,167,131,536,121,135,105,115,35,7,11,4,49,11,3,6,5,15,12,50,7,20,22,3,5,11,1
20200315,161,148,362,105,244,251,430,180,772,461,389,808,124,0,210,64,163,347,107,0,107,81,313,124,86,87,71,23,7,2,5,27,8,1,11,2,5,9,28,6,9,39,1,2,3,2
20200316,360,325,762,281,632,572,718,307,1278,1017,692,2045,282,0,449,212,383,583,277,0,276,344,1444,353,246,234,353,50,3,6,11,96,22,18,5,28,38,17,49,3,48,47,10,9,14,4
20200317,305,322,748,267,619,476,724,308,1274,970,746,1998,262,0,500,235,417,557,338,0,398,326,1311,382,315,246,353,59,7,14,11,119,25,19,15,21,20,21,82,5,30,48,5,7,15,73
20200318,253,297,549,210,514,352,569,181,967,787,595,1690,266,0,432,209,347,510,253,0,222,227,1014,384,256,199,313,56,4,7,8,114,16,11,11,16,13,10,79,11,28,33,4,12,14,14
20200319,225,281,605,216,514,327,667,207,1046,628,709,1511,217,0,459,208,354,561,205,4,307,268,1023,333,246,203,286,54,4,8,9,93,19,6,7,14,17,12,37,6,25,54,8,8,16,9
20200320,218,249,597,222,476,320,580,301,985,709,600,1542,169,0,429,177,297,500,218,6,316,234,936,314,236,177,268,38,6,5,2,99,10,23,8,14,9,21,62,4,24,41,6,7,9,6
20200321,174,171,464,156,326,257,331,225,710,305,422,799,105,0,271,110,207,359,134,2,210,99,420,116,124,85,99,21,2,3,4,49,4,6,9,3,3,5,36,1,7,16,3,7,8,6
20200322,88,125,343,125,241,170,231,183,564,239,299,583,83,0,186,84,141,286,83,1,139,100,414,68,125,90,107,9,2,0,2,30,0,3,0,2,2,8,8,3,9,7,4,13,12,1
20200323,162,189,464,136,315,132,276,215,637,294,356,879,80,0,278,115,183,350,63,0,165,125,676,239,160,87,168,16,1,1,1,54,3,8,5,1,6,2,9,5,17,12,4,5,2,4
20200324,124,157,397,114,255,123,303,198,471,213,327,705,76,0,314,100,152,277,72,0,188,134,672,309,163,82,189,15,3,0,1,37,0,4,0,0,4,2,9,2,8,12,2,6,0,4
20200325,101,149,379,123,223,82,263,207,451,192,303,671,72,0,265,109,163,283,60,1,159,133,664,304,183,81,181,8,5,1,0,37,0,3,2,0,1,6,12,2,8,12,2,1,4,2
20200326,45,151,383,144,245,124,292,182,467,205,305,669,100,0,318,111,154,256,59,1,286,132,594,283,182,79,181,13,3,3,0,31,2,2,5,3,6,12,16,1,6,10,3,7,2,6
20200327,0,147,371,141,277,129,301,200,497,217,351,677,88,0,348,107,182,295,74,1,291,100,613,292,195,80,207,22,4,1,0,31,0,7,1,0,11,9,11,3,5,16,2,4,2,13
20200328,0,116,289,104,201,92,263,98,370,179,294,433,95,0,236,101,161,210,131,1,193,93,355,129,98,86,114,28,3,1,3,48,3,13,5,4,14,12,21,3,11,15,1,8,6,7
20200329,0,71,222,78,134,74,219,121,302,132,226,319,90,0,162,70,124,169,83,2,123,71,273,110,81,56,82,22,2,1,1,14,3,6,5,2,10,10,12,2,7,3,4,3,7,3
20200330,0,139,258,100,240,82,301,179,362,216,329,594,124,0,286,131,146,243,118,3,229,106,548,145,157,105,180,33,1,1,2,24,3,17,10,3,10,7,31,4,6,21,5,1,4,4
20200331,0,147,348,121,270,91,326,209,463,242,359,684,119,0,346,123,191,283,144,2,288,128,602,183,181,102,208,23,2,2,0,30,2,13,3,3,2,12,10,3,11,21,5,4,3,3
20200401,0,162,305,103,256,106,374,158,430,244,367,686,137,0,281,152,207,242,164,3,235,108,611,330,198,90,208,27,3,3,1,37,2,11,3,4,9,7,20,9,9,15,1,6,8,6
20200402,0,156,345,116,260,111,371,216,470,256,341,702,167,0,355,155,178,273,176,2,308,141,257,290,220,105,222,42,5,0,1,26,7,15,9,3,8,8,27,6,10,18,6,13,10,5
20200403,0,165,411,127,286,128,346,226,554,270,399,738,112,0,356,133,203,296,192,2,282,132,664,297,226,101,230,41,0,4,1,43,5,12,6,2,7,10,26,6,6,18,2,6,3,10
20200404,0,179,412,136,286,121,344,190,527,226,382,661,124,0,346,197,193,279,157,0,248,132,450,195,167,106,152,24,5,4,1,37,1,7,1,6,8,6,16,9,7,8,5,11,7,6
20200405,0,171,376,135,276,134,286,158,448,172,376,622,90,0,212,146,221,285,102,3,185,148,532,189,155,72,127,9,5,2,1,24,1,2,2,2,2,6,16,1,8,9,4,8,2,5
20200406,0,149,369,140,287,106,370,253,407,253,370,696,166,0,339,154,196,221,188,0,296,125,628,326,208,106,223,32,4,7,2,38,8,19,2,3,11,8,19,4,4,20,5,2,6,3
20200407,0,179,421,130,298,145,280,211,426,243,347,746,112,0,352,119,202,229,139,0,322,145,701,360,257,96,208,22,2,2,2,35,1,15,5,6,3,12,17,3,20,16,2,3,3,10
20200408,0,163,415,139,364,133,414,278,532,307,456,817,185,0,385,184,251,313,214,0,319,164,702,406,250,124,260,33,7,5,2,34,2,31,4,8,12,7,34,4,19,11,6,13,14,10
20200409,0,183,454,165,359,167,403,230,549,258,466,803,147,0,439,181,278,310,205,0,345,186,738,370,273,113,247,31,5,1,2,42,3,13,5,3,10,9,32,1,25,14,7,7,7,10
20200410,0,181,470,176,340,153,298,204,560,265,367,730,147,0,329,140,206,329,166,0,206,192,657,282,215,92,174,19,1,3,1,34,0,11,2,4,4,9,25,9,15,15,2,12,10,10
20200411,0,240,468,150,385,190,420,258,623,274,496,770,217,0,404,196,270,383,252,0,255,249,645,272,226,148,212,32,2,5,1,27,1,10,2,3,11,14,49,8,26,10,6,13,14,21
20200412,0,81,363,149,270,146,333,181,110,205,420,649,167,0,281,191,196,282,197,0,255,200,519,253,205,99,169,20,4,2,0,31,2,10,3,3,13,8,26,5,4,16,6,4,7,10
20200413,0,128,307,118,230,92,349,194,100,196,296,512,213,0,267,133,149,221,138,0,176,132,459,216,183,98,139,29,0,7,1,38,5,6,2,5,7,7,37,10,8,9,5,3,15,5
20200414,0,162,390,129,327,148,308,200,384,246,375,814,155,0,329,132,196,264,133,0,240,149,659,287,227,94,201,23,0,5,0,28,1,17,1,5,4,5,27,9,15,21,7,2,7,9
20200415,0,189,473,154,330,141,321,214,391,231,377,801,138,0,321,118,170,309,110,0,248,168,570,334,241,104,208,11,1,0,0,39,1,13,5,3,2,5,14,5,16,17,4,13,6,11
20200416,0,194,471,145,384,124,432,201,441,272,435,883,176,0,409,208,274,313,203,0,233,184,601,363,300,134,241,27,6,7,1,38,2,12,4,6,1,8,37,4,14,18,4,10,6,10
20200417,0,181,424,158,369,139,358,181,388,275,397,767,192,0,376,134,214,292,151,0,277,172,702,329,240,150,211,17,2,2,1,59,1,16,5,0,4,13,36,10,5,27,5,6,7,8
20200418,0,138,330,140,280,90,345,114,391,226,338,553,172,0,264,157,188,238,174,0,196,138,406,186,167,107,125,42,1,4,1,35,2,7,3,4,15,8,17,6,19,22,3,7,8,12
20200419,0,160,482,141,321,147,288,173,181,252,364,673,195,0,247,154,254,345,146,0,181,191,611,240,262,110,145,6,5,0,1,30,0,1,1,2,2,5,17,7,11,16,4,7,3,13
20200420,1,151,451,172,269,122,253,192,37,207,342,748,92,0,267,92,181,286,11,0,223,157,671,303,191,104,164,6,1,3,0,20,0,4,1,1,7,3,17,0,1,16,0,14,1,9
20200421,0,156,441,144,293,122,289,196,275,213,370,756,122,0,292,115,197,260,8,0,213,193,595,323,251,123,175,11,1,8,3,34,1,8,0,5,8,1,26,1,0,13,5,5,4,10
